calib_id,sigma_range,sigma_encoder,window_size,est_cj_x,est_cj_y,cj_x,cj_y,cov_00,cov_01,cov_10,cov_11,movement_low,movement_high,n_outer,n_inner,n_limbs
0,0.001,0.0009,10,-1.6584124875920756e-06,1.5157162815818782e-06,-0.01,0.01,1.1734543294201558e-05,4.774610158964582e-06,4.774610158964582e-06,2.0648062318260714e-06,-1.5707963267948966,1.5707963267948966,2,20,20
1,0.001,0.0009,10,-2.573677723693815e-06,5.99468437273528e-07,-0.01,0.01,1.9919680575508997e-07,-5.945284080761153e-07,-5.945284080761153e-07,3.888432082703125e-06,-1.5707963267948966,1.5707963267948966,2,20,20
2,0.001,0.0009,10,7.324277016505292e-06,2.525699030357413e-06,-0.01,0.01,0.00016329868010074436,-8.835473034789094e-05,-8.835473034789094e-05,4.7940068176737325e-05,-1.5707963267948966,1.5707963267948966,2,20,20
3,0.001,0.0009,10,-7.062669504396452e-06,1.6027112123539627e-06,-0.01,0.01,1.794795612367007e-05,2.0558914985360596e-05,2.0558914985360596e-05,2.3790272010482112e-05,-1.5707963267948966,1.5707963267948966,2,20,20
4,0.001,0.0009,10,-1.3624002515657458e-06,6.978447920194542e-06,-0.01,0.01,5.920684724170715e-06,9.58792011224977e-06,9.58792011224977e-06,1.590822624633534e-05,-1.5707963267948966,1.5707963267948966,2,20,20
5,0.001,0.0009,10,7.20224031342778e-06,1.7002716512521713e-06,-0.01,0.01,0.00013616570515906582,-0.0001066631017571712,-0.0001066631017571712,8.372059067969896e-05,-1.5707963267948966,1.5707963267948966,2,20,20
6,0.001,0.0009,10,-5.048557130033794e-06,-1.025873980838575e-06,-0.01,0.01,1.6428288985135117e-05,3.1427992190158554e-05,3.1427992190158554e-05,6.060714283524187e-05,-1.5707963267948966,1.5707963267948966,2,20,20
7,0.001,0.0009,10,-8.619785696089173e-07,4.6067828197327785e-06,-0.01,0.01,1.7331595620341223e-05,4.558341918201534e-05,4.558341918201534e-05,0.0001207104937208915,-1.5707963267948966,1.5707963267948966,2,20,20
8,0.001,0.0009,10,2.15369954905928e-06,-3.087428543708685e-06,-0.01,0.01,5.8534866505702164e-05,-0.00028428710866701217,-0.00028428710866701217,0.0013832400574162198,-1.5707963267948966,1.5707963267948966,2,20,20
9,0.001,0.0009,10,-9.940029794195024e-07,4.468744938144574e-06,-0.01,0.01,0.00025062589168537087,0.00058180242565922,0.00058180242565922,0.0013512551172716167,-1.5707963267948966,1.5707963267948966,2,20,20
10,0.001,0.0009,10,3.211659904598645e-06,-4.018981145950998e-06,-0.01,0.01,0.0010593616063270114,-0.003612770456926637,-0.003612770456926637,0.012322034909612738,-1.5707963267948966,1.5707963267948966,2,20,20
11,0.001,0.0009,10,-1.693010022164075e-06,5.237489398333289e-06,-0.01,0.01,0.0016487817412384267,0.0027693733023257043,0.0027693733023257043,0.004651968249560216,-1.5707963267948966,1.5707963267948966,2,20,20
12,0.001,0.0009,10,-5.556798892590748e-07,5.877959541781874e-07,-0.01,0.01,0.00022546981210516077,-0.0007674166929041477,-0.0007674166929041477,0.0026133036385383684,-1.5707963267948966,1.5707963267948966,2,20,20
13,0.001,0.0009,10,2.094476043654505e-06,1.1146110003878964e-07,-0.01,0.01,0.004157570739743355,-0.006384216195850265,-0.006384216195850265,0.00980372024485428,-1.5707963267948966,1.5707963267948966,2,20,20
14,0.001,0.0009,10,1.8209058323298045e-06,-3.7544871333297627e-06,-0.01,0.01,3.912030581631791e-05,-0.00010770210978947129,-0.00010770210978947129,0.00029740218606405115,-1.5707963267948966,1.5707963267948966,2,20,20
15,0.001,0.0009,10,-3.294463285936704e-06,4.226744307117091e-06,-0.01,0.01,2.9783049256779742e-05,4.4887915934627174e-05,4.4887915934627174e-05,6.799298611922573e-05,-1.5707963267948966,1.5707963267948966,2,20,20
16,0.001,0.0009,10,-1.678117929232331e-06,8.25083971411505e-07,-0.01,0.01,1.94956773816949e-07,-6.264425212791224e-07,-6.264425212791224e-07,4.487005352373772e-06,-1.5707963267948966,1.5707963267948966,2,20,20
17,0.001,0.0009,10,3.881601372889478e-06,1.2032810161288739e-06,-0.01,0.01,1.8640344076889855e-05,-1.3838618388281886e-05,-1.3838618388281886e-05,1.0435784872788421e-05,-1.5707963267948966,1.5707963267948966,2,20,20
18,0.001,0.0009,10,-4.299267072882512e-06,-7.960563745973116e-07,-0.01,0.01,3.130653565114972e-07,-1.3900197552658612e-06,-1.3900197552658612e-06,9.352180407162641e-06,-1.5707963267948966,1.5707963267948966,2,20,20
0,0.001,0.0009,10,-1.2136843624095075e-06,3.2622688097098394e-06,-0.01,0.01,9.841790875684032e-07,3.8426794319727624e-07,3.8426794319727624e-07,2.8359305438447686e-07,-1.5707963267948966,1.5707963267948966,2,20,20
1,0.001,0.0009,10,-2.56436000290525e-06,1.6382462407103378e-06,-0.01,0.01,2.5103789222153806e-07,-6.3433235789747e-07,-6.3433235789747e-07,2.8937952407800727e-06,-1.5707963267948966,1.5707963267948966,2,20,20
2,0.001,0.0009,10,7.553221461134782e-06,7.950116821983861e-07,-0.01,0.01,2.2674875170505016e-06,-1.3208188969241823e-06,-1.3208188969241823e-06,9.153249828740952e-07,-1.5707963267948966,1.5707963267948966,2,20,20
3,0.001,0.0009,10,-5.724705249179908e-06,5.128753899470084e-07,-0.01,0.01,5.44459739591403e-07,5.361479109963295e-07,5.361479109963295e-07,7.792536131901336e-07,-1.5707963267948966,1.5707963267948966,2,20,20
4,0.001,0.0009,10,-5.124416548801886e-07,6.720941686544091e-06,-0.01,0.01,1.2407244794236922e-06,1.6592068553043513e-06,1.6592068553043513e-06,2.533863550361613e-06,-1.5707963267948966,1.5707963267948966,2,20,20
5,0.001,0.0009,10,7.301029037984121e-06,-1.3609769963444946e-07,-0.01,0.01,4.12975194980294e-06,-3.4638074109894287e-06,-3.4638074109894287e-06,3.0867580308177237e-06,-1.5707963267948966,1.5707963267948966,2,20,20
6,0.001,0.0009,10,-5.3450164909024195e-06,-1.5823182166754322e-06,-0.01,0.01,4.102407962265458e-06,7.136039758839523e-06,7.136039758839523e-06,1.2839456126062436e-05,-1.5707963267948966,1.5707963267948966,2,20,20
7,0.001,0.0009,10,-2.049696800623823e-06,4.122952360369203e-06,-0.01,0.01,7.232512035992437e-06,1.778320250798503e-05,1.778320250798503e-05,4.4463479667616876e-05,-1.5707963267948966,1.5707963267948966,2,20,20
8,0.001,0.0009,10,4.3625372512146025e-07,-2.656820603576791e-06,-0.01,0.01,5.0682677658468535e-06,-2.5126759080194876e-05,-2.5126759080194876e-05,0.0001272609701920975,-1.5707963267948966,1.5707963267948966,2,20,20
9,0.001,0.0009,10,-1.6187055601158314e-06,4.571759306520408e-06,-0.01,0.01,0.0002684927897594546,0.0006165114187363361,0.0006165114187363361,0.0014162776925864217,-1.5707963267948966,1.5707963267948966,2,20,20
10,0.001,0.0009,10,1.6941076536271978e-06,-3.0269153560131294e-06,-0.01,0.01,1.8941517698220407e-05,-6.42909594562442e-05,-6.42909594562442e-05,0.00021951370526958786,-1.5707963267948966,1.5707963267948966,2,20,20
11,0.001,0.0009,10,-1.5097171242302149e-06,6.452421544645636e-06,-0.01,0.01,0.00015613238910476194,0.0002619791749366287,0.0002619791749366287,0.0004399776161101827,-1.5707963267948966,1.5707963267948966,2,20,20
12,0.001,0.0009,10,-1.2962387011455762e-06,2.839426909697221e-06,-0.01,0.01,2.213436097479651e-06,-7.480503250756338e-06,-7.480503250756338e-06,2.662418137198489e-05,-1.5707963267948966,1.5707963267948966,2,20,20
13,0.001,0.0009,10,2.989853529501824e-06,-7.047105960988694e-07,-0.01,0.01,2.2354706823234977e-06,-3.5815641838143734e-06,-3.5815641838143734e-06,6.124890001432329e-06,-1.5707963267948966,1.5707963267948966,2,20,20
14,0.001,0.0009,10,8.735657711752079e-07,-5.454495259036192e-06,-0.01,0.01,7.1131023199793e-07,-1.9387591508567114e-06,-1.9387591508567114e-06,6.301068469053198e-06,-1.5707963267948966,1.5707963267948966,2,20,20
15,0.001,0.0009,10,-4.441555501604193e-06,4.4076042280671134e-06,-0.01,0.01,1.355911898051905e-05,2.0487711821173587e-05,2.0487711821173587e-05,3.129896005937102e-05,-1.5707963267948966,1.5707963267948966,2,20,20
16,0.001,0.0009,10,-2.7913047167771854e-06,1.1604527234230545e-06,-0.01,0.01,1.5704815635633218e-07,-3.9489344925627705e-07,-3.9489344925627705e-07,3.185581510072891e-06,-1.5707963267948966,1.5707963267948966,2,20,20
17,0.001,0.0009,10,3.5313104575282615e-06,-7.068847630522399e-08,-0.01,0.01,8.989787646550786e-07,-6.547325553590543e-07,-6.547325553590543e-07,6.562018521877074e-07,-1.5707963267948966,1.5707963267948966,2,20,20
18,0.001,0.0009,10,-3.7220389360646006e-06,-8.708707666174616e-07,-0.01,0.01,1.1868661459663806e-07,-8.907131052398775e-08,-8.907131052398775e-08,1.2867308349177644e-06,-1.5707963267948966,1.5707963267948966,2,20,20
0,0.001,0.0009,10,-9.115669811179548e-07,3.740111273076621e-06,-0.01,0.01,5.042906856489009e-07,1.857934458621736e-07,1.857934458621736e-07,2.164475599609221e-07,-1.5707963267948966,1.5707963267948966,2,20,20
1,0.001,0.0009,10,-2.3476831103884674e-06,1.783059147232195e-06,-0.01,0.01,3.5449157230962054e-07,-8.638521658676483e-07,-8.638521658676483e-07,3.1136584218255545e-06,-1.5707963267948966,1.5707963267948966,2,20,20
2,0.001,0.0009,10,7.037089912844899e-06,5.165452490569488e-07,-0.01,0.01,9.40728075862936e-07,-5.853322493720569e-07,-5.853322493720569e-07,5.260835515381423e-07,-1.5707963267948966,1.5707963267948966,2,20,20
3,0.001,0.0009,10,-5.070717005060435e-06,-8.35870815739264e-07,-0.01,0.01,3.050227011693464e-07,2.632272658772926e-07,2.632272658772926e-07,4.995681644025395e-07,-1.5707963267948966,1.5707963267948966,2,20,20
4,0.001,0.0009,10,-3.306795406265099e-07,6.12399636889394e-06,-0.01,0.01,9.296313970702653e-07,1.0560486706166233e-06,1.0560486706166233e-06,1.4667159421826433e-06,-1.5707963267948966,1.5707963267948966,2,20,20
5,0.001,0.0009,10,6.984297299437186e-06,-1.1713614212186404e-06,-0.01,0.01,1.7807220095813414e-06,-1.5933791950682047e-06,-1.5933791950682047e-06,1.6241643891628672e-06,-1.5707963267948966,1.5707963267948966,2,20,20
6,0.001,0.0009,10,-5.8459931953554044e-06,-1.2730974506153042e-06,-0.01,0.01,2.6602967575347405e-06,4.241172206729533e-06,4.241172206729533e-06,7.142142689372819e-06,-1.5707963267948966,1.5707963267948966,2,20,20
7,0.001,0.0009,10,-2.6967330678180332e-06,4.243189316679753e-06,-0.01,0.01,3.3461107725553382e-06,7.491271377250034e-06,7.491271377250034e-06,1.7412506870239007e-05,-1.5707963267948966,1.5707963267948966,2,20,20
8,0.001,0.0009,10,-1.4917080379536212e-07,-2.62463795478079e-06,-0.01,0.01,1.2900551887862996e-06,-5.462872740603363e-06,-5.462872740603363e-06,2.5253984585365586e-05,-1.5707963267948966,1.5707963267948966,2,20,20
9,0.001,0.0009,10,-2.3391574679758365e-06,4.899901550970343e-06,-0.01,0.01,1.9727928947613118e-06,3.919254583406547e-06,3.919254583406547e-06,8.325532841852803e-06,-1.5707963267948966,1.5707963267948966,2,20,20
10,0.001,0.0009,10,5.717327407106322e-07,-2.236740160163007e-06,-0.01,0.01,4.6049314438368706e-07,-1.393160561161396e-06,-1.393160561161396e-06,5.563631331358663e-06,-1.5707963267948966,1.5707963267948966,2,20,20
11,0.001,0.0009,10,-1.2928974135749045e-06,7.0014082948457245e-06,-0.01,0.01,9.204696287510942e-06,1.4699938892189628e-05,1.4699938892189628e-05,2.384739354999283e-05,-1.5707963267948966,1.5707963267948966,2,20,20
12,0.001,0.0009,10,-1.6889109481227676e-06,3.1000834420386243e-06,-0.01,0.01,4.5300836269102705e-07,-1.4226243975040598e-06,-1.4226243975040598e-06,5.91690237857558e-06,-1.5707963267948966,1.5707963267948966,2,20,20
13,0.001,0.0009,10,2.4800212400310234e-06,-1.000962253084434e-06,-0.01,0.01,4.021048027542486e-07,-5.678069206892312e-07,-5.678069206892312e-07,1.2179710884728839e-06,-1.5707963267948966,1.5707963267948966,2,20,20
14,0.001,0.0009,10,4.691450170440934e-08,-5.2699142716155845e-06,-0.01,0.01,1.9575821840292703e-07,-3.533965617913685e-07,-3.533965617913685e-07,1.5654133779636076e-06,-1.5707963267948966,1.5707963267948966,2,20,20
15,0.001,0.0009,10,-4.800260682371861e-06,4.065553211994444e-06,-0.01,0.01,1.256492583234559e-05,1.8870399711968067e-05,1.8870399711968067e-05,2.8679726321154318e-05,-1.5707963267948966,1.5707963267948966,2,20,20
16,0.001,0.0009,10,-3.2501549035019414e-06,5.652601690574926e-07,-0.01,0.01,1.2658118929744082e-07,-1.8440663512559314e-07,-1.8440663512559314e-07,1.9963032907836763e-06,-1.5707963267948966,1.5707963267948966,2,20,20
17,0.001,0.0009,10,2.5832608579521393e-06,6.621537768223288e-07,-0.01,0.01,4.1030464049349337e-07,-2.3852106370804806e-07,-2.3852106370804806e-07,3.239843466365656e-07,-1.5707963267948966,1.5707963267948966,2,20,20
18,0.001,0.0009,10,-3.909407409647639e-06,-3.845014130473582e-07,-0.01,0.01,1.1301232348851009e-07,-3.9423761753973325e-08,-3.9423761753973325e-08,1.3199919708683241e-06,-1.5707963267948966,1.5707963267948966,2,20,20
0,0.001,0.0009,10,-5.119665859984639e-07,3.2254444055664466e-06,-0.01,0.01,3.577228265163551e-07,1.355907895419928e-07,1.355907895419928e-07,2.1782274028100862e-07,-1.5707963267948966,1.5707963267948966,2,20,20
1,0.001,0.0009,10,-2.1571238467068418e-06,2.070160540788964e-06,-0.01,0.01,2.262402479464185e-07,-4.4397416278582845e-07,-4.4397416278582845e-07,1.789786300305092e-06,-1.5707963267948966,1.5707963267948966,2,20,20
2,0.001,0.0009,10,6.4738828131136415e-06,-2.996732434197689e-07,-0.01,0.01,5.259478675541639e-07,-3.4340104540872733e-07,-3.4340104540872733e-07,4.0835852690274176e-07,-1.5707963267948966,1.5707963267948966,2,20,20
3,0.001,0.0009,10,-4.873105568930346e-06,-1.180577522650349e-06,-0.01,0.01,3.0844852551673937e-07,2.629043065943344e-07,2.629043065943344e-07,4.922063570705094e-07,-1.5707963267948966,1.5707963267948966,2,20,20
4,0.001,0.0009,10,-6.63915917288189e-07,5.523553390996133e-06,-0.01,0.01,8.938278271355722e-07,1.0096429330246593e-06,1.0096429330246593e-06,1.4071565690633978e-06,-1.5707963267948966,1.5707963267948966,2,20,20
5,0.001,0.0009,10,6.030590388035025e-06,-1.911775035454594e-06,-0.01,0.01,6.105859334362603e-07,-5.470675073423436e-07,-5.470675073423436e-07,7.150904234500442e-07,-1.5707963267948966,1.5707963267948966,2,20,20
6,0.001,0.0009,10,-5.985900296414495e-06,-7.89732715656571e-07,-0.01,0.01,2.9799837668266364e-06,4.617124862944697e-06,4.617124862944697e-06,7.517704560301258e-06,-1.5707963267948966,1.5707963267948966,2,20,20
7,0.001,0.0009,10,-3.076192086599966e-06,4.460390448520234e-06,-0.01,0.01,3.566420582423898e-06,7.85756959788414e-06,7.85756959788414e-06,1.7934881102469833e-05,-1.5707963267948966,1.5707963267948966,2,20,20
8,0.001,0.0009,10,-6.435722629290862e-07,-2.8602279895401673e-06,-0.01,0.01,8.261695888092388e-07,-3.0032298944076326e-06,-3.0032298944076326e-06,1.259139090708604e-05,-1.5707963267948966,1.5707963267948966,2,20,20
9,0.001,0.0009,10,-3.392398347517294e-06,5.1186834711452124e-06,-0.01,0.01,8.235231685655297e-07,1.3255362839600585e-06,1.3255362839600585e-06,2.557951677234268e-06,-1.5707963267948966,1.5707963267948966,2,20,20
10,0.001,0.0009,10,-2.4586274781032346e-07,-1.0686664014105014e-06,-0.01,0.01,1.518144358699737e-07,-1.9309088373081089e-07,-1.9309088373081089e-07,1.086069553869641e-06,-1.5707963267948966,1.5707963267948966,2,20,20
11,0.001,0.0009,10,-1.685565170897518e-06,7.0802271748762015e-06,-0.01,0.01,8.183557615400924e-07,1.2814834104247187e-06,1.2814834104247187e-06,2.415179542848085e-06,-1.5707963267948966,1.5707963267948966,2,20,20
12,0.001,0.0009,10,-2.09151224258285e-06,2.4652945811048047e-06,-0.01,0.01,3.7563844865955526e-07,-1.2076782527353101e-06,-1.2076782527353101e-06,5.492785748109519e-06,-1.5707963267948966,1.5707963267948966,2,20,20
13,0.001,0.0009,10,1.3360035382812254e-06,-6.458887193461124e-07,-0.01,0.01,2.1196940021241594e-07,-1.9676041814676972e-07,-1.9676041814676972e-07,5.573087365001514e-07,-1.5707963267948966,1.5707963267948966,2,20,20
14,0.001,0.0009,10,-7.716344804405135e-07,-4.113003464730731e-06,-0.01,0.01,1.3626258464015344e-07,-1.2567141546303076e-07,-1.2567141546303076e-07,8.986528458319984e-07,-1.5707963267948966,1.5707963267948966,2,20,20
15,0.001,0.0009,10,-4.949315708050468e-06,4.071211000359492e-06,-0.01,0.01,1.9074566288497047e-06,2.930188565421021e-06,2.930188565421021e-06,4.868600413769528e-06,-1.5707963267948966,1.5707963267948966,2,20,20
16,0.001,0.0009,10,-3.2501106433386478e-06,7.150559393657326e-08,-0.01,0.01,1.2538522058712153e-07,-1.8077552253471127e-07,-1.8077552253471127e-07,2.038226114809814e-06,-1.5707963267948966,1.5707963267948966,2,20,20
17,0.001,0.0009,10,1.5159915961873158e-06,1.5216134066078411e-06,-0.01,0.01,2.948693981384765e-07,-1.2418464351677978e-07,-1.2418464351677978e-07,2.4001569547832803e-07,-1.5707963267948966,1.5707963267948966,2,20,20
18,0.001,0.0009,10,-4.599054678922368e-06,3.778614432224061e-07,-0.01,0.01,1.1222200609139318e-07,2.2549261612455434e-08,2.2549261612455434e-08,1.3112776592421038e-06,-1.5707963267948966,1.5707963267948966,2,20,20
0,0.001,0.0009,10,-8.669039999678227e-07,2.4105592987171754e-06,-0.01,0.01,3.3881360764601356e-07,1.433215198899408e-07,1.433215198899408e-07,2.3609577303048548e-07,-1.5707963267948966,1.5707963267948966,2,20,20
1,0.001,0.0009,10,-2.167875299416696e-06,2.3493331207227363e-06,-0.01,0.01,1.6788814807920624e-07,-2.428539136296731e-07,-2.428539136296731e-07,1.176758094976561e-06,-1.5707963267948966,1.5707963267948966,2,20,20
2,0.001,0.0009,10,6.264284263288577e-06,-6.613114907949244e-07,-0.01,0.01,4.880839311922915e-07,-3.5208241867114835e-07,-3.5208241867114835e-07,4.5395198069852366e-07,-1.5707963267948966,1.5707963267948966,2,20,20
3,0.001,0.0009,10,-4.94107851342574e-06,-1.5838715400937194e-06,-0.01,0.01,2.6963721358619696e-07,2.3762575825691704e-07,2.3762575825691704e-07,5.066728122240044e-07,-1.5707963267948966,1.5707963267948966,2,20,20
4,0.001,0.0009,10,-1.4558379016805895e-06,4.733531025161719e-06,-0.01,0.01,6.706359294351965e-07,7.543623273912474e-07,7.543623273912474e-07,1.1259218083904136e-06,-1.5707963267948966,1.5707963267948966,2,20,20
5,0.001,0.0009,10,4.517506911668823e-06,-1.9724125804853984e-06,-0.01,0.01,3.1949544538943405e-07,-2.557304858663566e-07,-2.557304858663566e-07,4.556610471810632e-07,-1.5707963267948966,1.5707963267948966,2,20,20
6,0.001,0.0009,10,-6.209998166942253e-06,5.5495073065259715e-08,-0.01,0.01,3.3657914504920373e-06,5.050700699951443e-06,5.050700699951443e-06,7.92586697935274e-06,-1.5707963267948966,1.5707963267948966,2,20,20
7,0.001,0.0009,10,-3.5425058372776234e-06,4.527934568792012e-06,-0.01,0.01,2.946791046533227e-06,6.045262944381574e-06,6.045262944381574e-06,1.2959657651385451e-05,-1.5707963267948966,1.5707963267948966,2,20,20
8,0.001,0.0009,10,-1.5345592607105157e-06,-2.7675813049307227e-06,-0.01,0.01,3.304093480005963e-07,-1.0735102332522775e-06,-1.0735102332522775e-06,5.2189193656717166e-06,-1.5707963267948966,1.5707963267948966,2,20,20
9,0.001,0.0009,10,-3.7711141159273404e-06,5.1064128529644634e-06,-0.01,0.01,8.88999196682212e-07,1.3945830624755153e-06,1.3945830624755153e-06,2.5925141132397955e-06,-1.5707963267948966,1.5707963267948966,2,20,20
10,0.001,0.0009,10,-9.298991278732867e-07,3.0118257809627925e-07,-0.01,0.01,1.2779189233381467e-07,-7.657631705390565e-08,-7.657631705390565e-08,7.696180376178031e-07,-1.5707963267948966,1.5707963267948966,2,20,20
11,0.001,0.0009,10,-1.9854849417943795e-06,6.567980647494336e-06,-0.01,0.01,2.832341611857575e-07,3.497754204503201e-07,3.497754204503201e-07,8.42384198894606e-07,-1.5707963267948966,1.5707963267948966,2,20,20
12,0.001,0.0009,10,-2.6756006719967882e-06,1.6754984301692748e-06,-0.01,0.01,3.7134916432082107e-07,-1.2265215174678936e-06,-1.2265215174678936e-06,5.749877668509443e-06,-1.5707963267948966,1.5707963267948966,2,20,20
13,0.001,0.0009,10,6.567674673096539e-08,7.062530813794357e-08,-0.01,0.01,1.845743338737162e-07,-1.0075893304892161e-07,-1.0075893304892161e-07,3.5911448232852485e-07,-1.5707963267948966,1.5707963267948966,2,20,20
14,0.001,0.0009,10,-1.4395859035162024e-06,-2.5330600928051963e-06,-0.01,0.01,1.2755869030243698e-07,-2.8894078663305306e-08,-2.8894078663305306e-08,5.7099577043815e-07,-1.5707963267948966,1.5707963267948966,2,20,20
15,0.001,0.0009,10,-5.172720384670595e-06,3.4441543719350703e-06,-0.01,0.01,6.544483407286788e-07,1.0002694402557195e-06,1.0002694402557195e-06,1.938134690987301e-06,-1.5707963267948966,1.5707963267948966,2,20,20
16,0.001,0.0009,10,-3.364059384320483e-06,7.599661700603649e-07,-0.01,0.01,1.1543509562724161e-07,-3.487721557628678e-08,-3.487721557628678e-08,1.0562637301131912e-06,-1.5707963267948966,1.5707963267948966,2,20,20
17,0.001,0.0009,10,5.764233448560931e-07,2.0521119867317266e-06,-0.01,0.01,2.303605027973584e-07,-8.84615400204277e-08,-8.84615400204277e-08,2.490916591100958e-07,-1.5707963267948966,1.5707963267948966,2,20,20
18,0.001,0.0009,10,-4.932657696031628e-06,6.863888234664799e-07,-0.01,0.01,1.1334587745010083e-07,5.195012536054734e-08,5.195012536054734e-08,1.3919174993708562e-06,-1.5707963267948966,1.5707963267948966,2,20,20
0,0.001,0.0009,10,-2.8427067981583996e-06,-2.4975110127644484e-06,-0.01,0.01,0.0001333693650065477,0.00013862721779372807,0.00013862721779372807,0.0001443077717092686,-1.5707963267948966,1.5707963267948966,2,15,20
1,0.001,0.0009,10,-2.445073743554686e-06,4.237671754612618e-06,-0.01,0.01,0.000272011375193236,0.0014763502406538503,0.0014763502406538503,0.008016078519258094,-1.5707963267948966,1.5707963267948966,2,15,20
2,0.001,0.0009,10,2.284489249525881e-06,3.042196625139284e-07,-0.01,0.01,1.4805926038281904e-05,-2.8921669048968574e-05,-2.8921669048968574e-05,5.699632889492722e-05,-1.5707963267948966,1.5707963267948966,2,15,20
3,0.001,0.0009,10,1.8223512181708628e-06,-2.9926176981391095e-06,-0.01,0.01,4.5303791370376505e-06,-1.6455083670926105e-05,-1.6455083670926105e-05,6.126523730150683e-05,-1.5707963267948966,1.5707963267948966,2,15,20
4,0.001,0.0009,10,-3.6897563788044363e-06,-9.190112562613737e-07,-0.01,0.01,7.769617795451782e-05,0.00023058235783488096,0.00023058235783488096,0.0006853222625456957,-1.5707963267948966,1.5707963267948966,2,15,20
5,0.001,0.0009,10,-3.675213809957504e-06,-7.469788669522664e-07,-0.01,0.01,0.00018398154247165055,0.0004677521270101937,0.0004677521270101937,0.0011899774304308154,-1.5707963267948966,1.5707963267948966,2,15,20
6,0.001,0.0009,10,-2.5729582274074613e-06,2.8149343591612727e-06,-0.01,0.01,0.0007292734700585894,0.0007588301651350426,0.0007588301651350426,0.0007898009293504039,-1.5707963267948966,1.5707963267948966,2,15,20
7,0.001,0.0009,10,-1.909366710417055e-06,3.1729755788211956e-06,-0.01,0.01,1.261063786402802e-06,1.8735401076343689e-06,1.8735401076343689e-06,3.1449804365843796e-06,-1.5707963267948966,1.5707963267948966,2,15,20
8,0.001,0.0009,10,-3.58672238898998e-07,4.632971176655948e-06,-0.01,0.01,6.974844562800908e-07,2.4200978626217247e-06,2.4200978626217247e-06,9.97536857832593e-06,-1.5707963267948966,1.5707963267948966,2,15,20
9,0.001,0.0009,10,8.23261551288115e-07,-1.6093026815837443e-06,-0.01,0.01,7.00295360034896e-07,-2.7249382907215557e-06,-2.7249382907215557e-06,1.2554135800155042e-05,-1.5707963267948966,1.5707963267948966,2,15,20
10,0.001,0.0009,10,-2.979130519867106e-06,2.6624805254202324e-06,-0.01,0.01,1.3676294504139784e-06,7.5724538576097686e-06,7.5724538576097686e-06,4.5456145008231605e-05,-1.5707963267948966,1.5707963267948966,2,15,20
11,0.001,0.0009,10,3.67087372553067e-06,1.1612385628658737e-08,-0.01,0.01,3.316229202567074e-05,-3.296603940587618e-05,-3.296603940587618e-05,3.297786699252951e-05,-1.5707963267948966,1.5707963267948966,2,15,20
12,0.001,0.0009,10,-2.7843946882128075e-06,-2.838182284635261e-06,-0.01,0.01,1.6565643428777355e-05,-7.727715312042336e-05,-7.727715312042336e-05,0.0003628508220304391,-1.5707963267948966,1.5707963267948966,2,15,20
13,0.001,0.0009,10,-1.7723866363892646e-06,4.170764971384665e-06,-0.01,0.01,0.00026755297752115436,-7.149738773230824e-05,-7.149738773230824e-05,1.921750421247937e-05,-1.5707963267948966,1.5707963267948966,2,15,20
14,0.001,0.0009,10,-3.949939368363856e-07,3.894682974636144e-06,-0.01,0.01,0.0004031329887476771,0.00010014112791003315,0.00010014112791003315,2.4986261190084908e-05,-1.5707963267948966,1.5707963267948966,2,15,20
15,0.001,0.0009,10,-1.0502375960823927e-06,-9.8124769450815e-07,-0.01,0.01,6.269049678336303e-07,-5.312681924047078e-06,-5.312681924047078e-06,5.399736701024855e-05,-1.5707963267948966,1.5707963267948966,2,15,20
16,0.001,0.0009,10,-1.2635776894155454e-06,4.024778375364906e-06,-0.01,0.01,1.7053057133747717e-06,6.08862123695376e-06,6.08862123695376e-06,2.3247710224940497e-05,-1.5707963267948966,1.5707963267948966,2,15,20
17,0.001,0.0009,10,6.772050721651266e-07,-9.878727957225943e-07,-0.01,0.01,1.0583242501931216e-06,-2.3586731042524817e-06,-2.3586731042524817e-06,5.939263326294521e-06,-1.5707963267948966,1.5707963267948966,2,15,20
18,0.001,0.0009,10,-2.7251839745401723e-06,-1.385855633697731e-06,-0.01,0.01,3.071848620364002e-07,-1.2583039140986365e-06,-1.2583039140986365e-06,7.910877436333732e-06,-1.5707963267948966,1.5707963267948966,2,15,20
0,0.001,0.0009,10,-3.0794697409683745e-06,-1.8592285607567943e-06,-0.01,0.01,5.975937759406225e-05,6.377809874531718e-05,6.377809874531718e-05,6.828874446206996e-05,-1.5707963267948966,1.5707963267948966,2,15,20
1,0.001,0.0009,10,-2.292317143388438e-06,5.550900072554541e-06,-0.01,0.01,4.909724665634112e-05,0.00026710413102031845,0.00026710413102031845,0.0014562897647342331,-1.5707963267948966,1.5707963267948966,2,15,20
2,0.001,0.0009,10,2.294515190820462e-06,2.8846006077417423e-07,-0.01,0.01,2.7181619603951266e-06,-5.601515008622804e-06,-5.601515008622804e-06,1.2106887576539593e-05,-1.5707963267948966,1.5707963267948966,2,15,20
3,0.001,0.0009,10,1.0279673755721687e-06,-6.11584959534135e-06,-0.01,0.01,8.961618538796844e-07,-3.478746592308312e-06,-3.478746592308312e-06,1.5375987634638085e-05,-1.5707963267948966,1.5707963267948966,2,15,20
4,0.001,0.0009,10,-6.424118897154558e-06,-1.938415095647461e-06,-0.01,0.01,1.8280431267022207e-05,5.125810132157329e-05,5.125810132157329e-05,0.00014464647019422596,-1.5707963267948966,1.5707963267948966,2,15,20
5,0.001,0.0009,10,-6.3808654597473214e-06,-3.999747925705468e-07,-0.01,0.01,1.2035320919110822e-05,2.9023884742333517e-05,2.9023884742333517e-05,7.070256667098702e-05,-1.5707963267948966,1.5707963267948966,2,15,20
6,0.001,0.0009,10,-3.3612203188907974e-06,4.561998771480116e-06,-0.01,0.01,5.373688375062458e-06,5.124001818041939e-06,5.124001818041939e-06,5.0880106222883715e-06,-1.5707963267948966,1.5707963267948966,2,15,20
7,0.001,0.0009,10,-2.8258459654079996e-06,5.039390544769786e-06,-0.01,0.01,2.957641127493043e-07,3.27436807181752e-07,3.27436807181752e-07,7.16071553736893e-07,-1.5707963267948966,1.5707963267948966,2,15,20
8,0.001,0.0009,10,-3.6242665217271144e-06,6.523740108186725e-06,-0.01,0.01,5.22609258387342e-07,1.372049781204727e-06,1.372049781204727e-06,4.616721190941884e-06,-1.5707963267948966,1.5707963267948966,2,15,20
9,0.001,0.0009,10,-1.999339251000914e-06,3.097709680680141e-07,-0.01,0.01,1.0679682527869061e-06,-3.97504222807307e-06,-3.97504222807307e-06,1.649020020652322e-05,-1.5707963267948966,1.5707963267948966,2,15,20
10,0.001,0.0009,10,-3.140298722709737e-06,2.633829182695058e-06,-0.01,0.01,1.4688645742133428e-07,3.6964995663627773e-07,3.6964995663627773e-07,3.460024137757228e-06,-1.5707963267948966,1.5707963267948966,2,15,20
11,0.001,0.0009,10,4.092189999476999e-06,-1.497688798040741e-06,-0.01,0.01,4.3944973967184964e-05,-4.386359816540204e-05,-4.386359816540204e-05,4.398996039010859e-05,-1.5707963267948966,1.5707963267948966,2,15,20
12,0.001,0.0009,10,-3.0645656650902905e-06,-3.926421340401461e-06,-0.01,0.01,4.7680764128733794e-07,-1.4719349423172106e-06,-1.4719349423172106e-06,5.928509157931726e-06,-1.5707963267948966,1.5707963267948966,2,15,20
13,0.001,0.0009,10,-3.2382880890797866e-06,4.168420708417894e-06,-0.01,0.01,2.39659065717074e-06,-5.013360387108333e-07,-5.013360387108333e-07,2.1826800054482624e-07,-1.5707963267948966,1.5707963267948966,2,15,20
14,0.001,0.0009,10,-1.5914857492871071e-06,4.957832442020284e-06,-0.01,0.01,1.402190859157104e-06,3.9860055036777834e-07,3.9860055036777834e-07,2.3458513511325166e-07,-1.5707963267948966,1.5707963267948966,2,15,20
15,0.001,0.0009,10,-3.363488348818448e-06,-4.0367678934363467e-07,-0.01,0.01,1.801124669413177e-07,-4.5534318105358997e-07,-4.5534318105358997e-07,2.930399539707938e-06,-1.5707963267948966,1.5707963267948966,2,15,20
16,0.001,0.0009,10,-3.9129003928376105e-06,3.7685657339963732e-06,-0.01,0.01,1.8570972061516684e-07,3.89131893301793e-07,3.89131893301793e-07,2.063968807453696e-06,-1.5707963267948966,1.5707963267948966,2,15,20
17,0.001,0.0009,10,-2.2088973052919956e-06,-1.133471028736331e-06,-0.01,0.01,2.2206769158767958e-07,-3.3211203811410906e-07,-3.3211203811410906e-07,1.1201356458126556e-06,-1.5707963267948966,1.5707963267948966,2,15,20
18,0.001,0.0009,10,-3.333924914596143e-06,-7.403022905085798e-07,-0.01,0.01,1.218529081020059e-07,-9.817200027162377e-08,-9.817200027162377e-08,1.1790343298136687e-06,-1.5707963267948966,1.5707963267948966,2,15,20
0,0.001,0.0009,10,-3.099301813532297e-06,-1.3793277298616616e-06,-0.01,0.01,2.0858710364248016e-06,1.9445598362425957e-06,1.9445598362425957e-06,2.0163155838719988e-06,-1.5707963267948966,1.5707963267948966,2,15,20
1,0.001,0.0009,10,-2.6165378159540135e-06,5.501545612029169e-06,-0.01,0.01,4.818164447534333e-06,2.668924924437253e-05,2.668924924437253e-05,0.00015117746837989816,-1.5707963267948966,1.5707963267948966,2,15,20
2,0.001,0.0009,10,2.5210428826187233e-06,-2.6684133049474065e-07,-0.01,0.01,1.053747534876422e-06,-1.896625606982218e-06,-1.896625606982218e-06,3.8994355732752e-06,-1.5707963267948966,1.5707963267948966,2,15,20
3,0.001,0.0009,10,-2.5226798375315556e-07,-6.420776566259498e-06,-0.01,0.01,2.5299066187071795e-07,-8.340391058190214e-07,-8.340391058190214e-07,4.8137927992052e-06,-1.5707963267948966,1.5707963267948966,2,15,20
4,0.001,0.0009,10,-6.988539432463803e-06,-1.8873357126944777e-06,-0.01,0.01,3.1153450590206817e-06,8.858124793035542e-06,8.858124793035542e-06,2.6156211731089297e-05,-1.5707963267948966,1.5707963267948966,2,15,20
5,0.001,0.0009,10,-6.6578028358916515e-06,-6.214868924876784e-07,-0.01,0.01,1.395196044055735e-06,3.397214718750264e-06,3.397214718750264e-06,9.044244964159904e-06,-1.5707963267948966,1.5707963267948966,2,15,20
6,0.001,0.0009,10,-3.0411843117514048e-06,5.554543198306013e-06,-0.01,0.01,4.177850068445766e-06,4.083408739786878e-06,4.083408739786878e-06,4.199221395325906e-06,-1.5707963267948966,1.5707963267948966,2,15,20
7,0.001,0.0009,10,-2.8510748554011074e-06,5.25559329882251e-06,-0.01,0.01,1.9287625800072643e-07,1.4428524897724925e-07,1.4428524897724925e-07,4.545483814355744e-07,-1.5707963267948966,1.5707963267948966,2,15,20
8,0.001,0.0009,10,-5.056784609219082e-06,6.648961412412202e-06,-0.01,0.01,6.831059392487137e-07,1.682238814875533e-06,1.682238814875533e-06,5.001409893625216e-06,-1.5707963267948966,1.5707963267948966,2,15,20
9,0.001,0.0009,10,-3.776269630581216e-06,9.998407436143924e-07,-0.01,0.01,2.4193993001796416e-07,-6.463711426688422e-07,-6.463711426688422e-07,3.1879548758801122e-06,-1.5707963267948966,1.5707963267948966,2,15,20
10,0.001,0.0009,10,-3.0880945264770133e-06,2.7900847037796073e-06,-0.01,0.01,1.1963191433370015e-07,4.5409690545177306e-08,4.5409690545177306e-08,8.668076625090664e-07,-1.5707963267948966,1.5707963267948966,2,15,20
11,0.001,0.0009,10,3.2386741224128336e-06,-1.6013892204462634e-06,-0.01,0.01,7.471914258913798e-07,-7.019340265130875e-07,-7.019340265130875e-07,8.858097181062178e-07,-1.5707963267948966,1.5707963267948966,2,15,20
12,0.001,0.0009,10,-2.86540982767395e-06,-3.856311185636544e-06,-0.01,0.01,2.7393242583803484e-07,-5.179986839530391e-07,-5.179986839530391e-07,1.7359926871861317e-06,-1.5707963267948966,1.5707963267948966,2,15,20
13,0.001,0.0009,10,-2.9982531964883655e-06,3.1248786285743573e-06,-0.01,0.01,9.034248752542941e-07,-2.170582328682394e-07,-2.170582328682394e-07,1.7618692406039483e-07,-1.5707963267948966,1.5707963267948966,2,15,20
14,0.001,0.0009,10,-1.8141279864814313e-06,5.688613942857675e-06,-0.01,0.01,8.353416656344049e-07,2.840869267287111e-07,2.840869267287111e-07,2.288344301577371e-07,-1.5707963267948966,1.5707963267948966,2,15,20
15,0.001,0.0009,10,-3.7162706773391576e-06,-2.3085092981716444e-07,-0.01,0.01,1.8843932254424812e-07,-3.367773589244233e-07,-3.367773589244233e-07,1.555877101221073e-06,-1.5707963267948966,1.5707963267948966,2,15,20
16,0.001,0.0009,10,-4.6340148176791585e-06,2.5551052111818134e-06,-0.01,0.01,1.2834226815686673e-07,1.2092371409261532e-07,1.2092371409261532e-07,1.1006651986484781e-06,-1.5707963267948966,1.5707963267948966,2,15,20
17,0.001,0.0009,10,-4.033753707239003e-06,-8.227450611237751e-07,-0.01,0.01,1.5028903271232505e-07,-1.2453018056061276e-07,-1.2453018056061276e-07,6.569792635951447e-07,-1.5707963267948966,1.5707963267948966,2,15,20
18,0.001,0.0009,10,-4.4852240134176385e-06,2.8983157843681823e-07,-0.01,0.01,1.1484931697182551e-07,-1.822191157957173e-08,-1.822191157957173e-08,1.028772329917171e-06,-1.5707963267948966,1.5707963267948966,2,15,20
0,0.001,0.0009,10,-2.775041150187753e-06,-9.545726139698944e-07,-0.01,0.01,2.1194377980257457e-06,1.96867334853054e-06,1.96867334853054e-06,2.0312775131630238e-06,-1.5707963267948966,1.5707963267948966,2,15,20
1,0.001,0.0009,10,-2.6034989814265325e-06,4.855973739966101e-06,-0.01,0.01,1.72672936267046e-07,5.151013479722228e-07,5.151013479722228e-07,4.067087456328892e-06,-1.5707963267948966,1.5707963267948966,2,15,20
2,0.001,0.0009,10,1.9254983000513495e-06,-1.2594693194483076e-06,-0.01,0.01,4.2611516615544944e-07,-7.376574937673989e-07,-7.376574937673989e-07,1.8216897386539356e-06,-1.5707963267948966,1.5707963267948966,2,15,20
3,0.001,0.0009,10,-1.12364679147025e-06,-5.855840058104078e-06,-0.01,0.01,1.2542196874830108e-07,-1.4099811904338496e-07,-1.4099811904338496e-07,1.4656563664238408e-06,-1.5707963267948966,1.5707963267948966,2,15,20
4,0.001,0.0009,10,-6.856524725249104e-06,-1.544234918484956e-06,-0.01,0.01,2.931376493695214e-06,8.414614469784897e-06,8.414614469784897e-06,2.514228558631825e-05,-1.5707963267948966,1.5707963267948966,2,15,20
5,0.001,0.0009,10,-6.363574200376383e-06,-5.394647367709899e-07,-0.01,0.01,5.804554872691058e-07,1.4037499754945994e-06,1.4037499754945994e-06,4.2540384405656485e-06,-1.5707963267948966,1.5707963267948966,2,15,20
6,0.001,0.0009,10,-2.6111861901178106e-06,6.247603570071823e-06,-0.01,0.01,2.0582310180865885e-06,2.0954021976612466e-06,2.0954021976612466e-06,2.355708850713095e-06,-1.5707963267948966,1.5707963267948966,2,15,20
7,0.001,0.0009,10,-2.5302795790973574e-06,5.35433839801507e-06,-0.01,0.01,1.6633568202867016e-07,6.484472355113318e-08,6.484472355113318e-08,3.387399219825193e-07,-1.5707963267948966,1.5707963267948966,2,15,20
8,0.001,0.0009,10,-5.688643209675982e-06,6.27371604612528e-06,-0.01,0.01,8.18703046475004e-07,2.0126709887034494e-06,2.0126709887034494e-06,5.77946123184884e-06,-1.5707963267948966,1.5707963267948966,2,15,20
9,0.001,0.0009,10,-4.664204089030745e-06,1.2335465094120855e-06,-0.01,0.01,1.7855787546067962e-07,-3.9549030298983586e-07,-3.9549030298983586e-07,2.3150655891744618e-06,-1.5707963267948966,1.5707963267948966,2,15,20
10,0.001,0.0009,10,-2.61285846872286e-06,2.812700142236792e-06,-0.01,0.01,1.3015231449791946e-07,-1.3366118327813531e-09,-1.3366118327813531e-09,4.95526177342604e-07,-1.5707963267948966,1.5707963267948966,2,15,20
11,0.001,0.0009,10,2.356684704633443e-06,-1.1593161867136233e-06,-0.01,0.01,3.6085127408682916e-07,-2.9974463921120534e-07,-2.9974463921120534e-07,4.940733155198804e-07,-1.5707963267948966,1.5707963267948966,2,15,20
12,0.001,0.0009,10,-2.320024730937426e-06,-3.8021332915645624e-06,-0.01,0.01,3.080044766480803e-07,-5.622985620595292e-07,-5.622985620595292e-07,1.698272920846941e-06,-1.5707963267948966,1.5707963267948966,2,15,20
13,0.001,0.0009,10,-3.1427667295809165e-06,2.715982096283203e-06,-0.01,0.01,4.7283125084726674e-07,-9.521214507850057e-08,-9.521214507850057e-08,1.572816928930285e-07,-1.5707963267948966,1.5707963267948966,2,15,20
14,0.001,0.0009,10,-1.8150451763945115e-06,5.4844682199827765e-06,-0.01,0.01,4.5482891806262363e-07,1.5696826269780637e-07,1.5696826269780637e-07,2.043514568777429e-07,-1.5707963267948966,1.5707963267948966,2,15,20
15,0.001,0.0009,10,-3.3675442941935766e-06,1.878219302203793e-07,-0.01,0.01,1.8990256465416395e-07,-2.2479683505809172e-07,-2.2479683505809172e-07,8.078903489722295e-07,-1.5707963267948966,1.5707963267948966,2,15,20
16,0.001,0.0009,10,-4.789798176990089e-06,1.9569902563267903e-06,-0.01,0.01,1.2322913618468933e-07,1.6864792874516244e-08,1.6864792874516244e-08,6.4310070833069e-07,-1.5707963267948966,1.5707963267948966,2,15,20
17,0.001,0.0009,10,-5.301527453039646e-06,-2.2025285222815203e-07,-0.01,0.01,1.3049719874927583e-07,-5.427840150867271e-08,-5.427840150867271e-08,5.976812614966752e-07,-1.5707963267948966,1.5707963267948966,2,15,20
18,0.001,0.0009,10,-4.813586295531531e-06,3.797982391284438e-07,-0.01,0.01,1.1822240684198944e-07,-3.380312570677614e-08,-3.380312570677614e-08,8.771301610609058e-07,-1.5707963267948966,1.5707963267948966,2,15,20
0,0.001,0.0009,10,-2.674829927128381e-06,-1.2496245900386822e-06,-0.01,0.01,1.2578891221141684e-06,1.2126508035467638e-06,1.2126508035467638e-06,1.3864660154786133e-06,-1.5707963267948966,1.5707963267948966,2,15,20
1,0.001,0.0009,10,-2.9264640257644905e-06,3.7155269638010703e-06,-0.01,0.01,1.8261590044176345e-07,5.259631095780917e-07,5.259631095780917e-07,3.714218376641689e-06,-1.5707963267948966,1.5707963267948966,2,15,20
2,0.001,0.0009,10,1.0364218819265554e-06,-1.758725131870275e-06,-0.01,0.01,2.1644639444266607e-07,-2.955229244740277e-07,-2.955229244740277e-07,9.682226333066676e-07,-1.5707963267948966,1.5707963267948966,2,15,20
3,0.001,0.0009,10,-1.6083377148910392e-06,-4.76913076486539e-06,-0.01,0.01,1.1611014425717334e-07,-1.4996475202238304e-08,-1.4996475202238304e-08,9.322271910692164e-07,-1.5707963267948966,1.5707963267948966,2,15,20
4,0.001,0.0009,10,-6.654841655410063e-06,-7.775933101539023e-07,-0.01,0.01,2.5830675937187057e-06,7.558896831544129e-06,7.558896831544129e-06,2.3147285312998952e-05,-1.5707963267948966,1.5707963267948966,2,15,20
5,0.001,0.0009,10,-5.907830151746466e-06,-3.1584319075185093e-07,-0.01,0.01,3.811540530841829e-07,9.222279316299474e-07,9.222279316299474e-07,3.200540417699664e-06,-1.5707963267948966,1.5707963267948966,2,15,20
6,0.001,0.0009,10,-2.20091414896704e-06,7.149563358115607e-06,-0.01,0.01,1.4318160717020202e-06,1.5217072576426913e-06,1.5217072576426913e-06,1.8552797986246885e-06,-1.5707963267948966,1.5707963267948966,2,15,20
7,0.001,0.0009,10,-1.7380562216058558e-06,4.7393152401197255e-06,-0.01,0.01,1.5751469313757905e-07,1.415775010524849e-08,1.415775010524849e-08,3.0310803019420313e-07,-1.5707963267948966,1.5707963267948966,2,15,20
8,0.001,0.0009,10,-5.9683879313492095e-06,5.721050410491264e-06,-0.01,0.01,1.0512755880640598e-06,2.530275250397669e-06,2.530275250397669e-06,6.867259555185824e-06,-1.5707963267948966,1.5707963267948966,2,15,20
9,0.001,0.0009,10,-4.839298762260897e-06,1.7587040397532623e-06,-0.01,0.01,1.389701542012582e-07,-2.1783176140753026e-07,-2.1783176140753026e-07,1.7187140538680578e-06,-1.5707963267948966,1.5707963267948966,2,15,20
10,0.001,0.0009,10,-1.752359586791157e-06,2.5954244896289063e-06,-0.01,0.01,1.4420221745838382e-07,-3.729885281754282e-08,-3.729885281754282e-08,3.95923852639718e-07,-1.5707963267948966,1.5707963267948966,2,15,20
11,0.001,0.0009,10,1.4529284920243557e-06,-8.192347243023269e-07,-0.01,0.01,2.389077001565487e-07,-1.582787990925963e-07,-1.582787990925963e-07,3.668891156213402e-07,-1.5707963267948966,1.5707963267948966,2,15,20
12,0.001,0.0009,10,-1.8156773394007604e-06,-3.91648391334762e-06,-0.01,0.01,3.2510859720702033e-07,-5.957095791490601e-07,-5.957095791490601e-07,1.7497507983176966e-06,-1.5707963267948966,1.5707963267948966,2,15,20
13,0.001,0.0009,10,-3.344991596928882e-06,2.360103710784865e-06,-0.01,0.01,3.301362598200566e-07,-4.2711675621438677e-08,-4.2711675621438677e-08,1.5884787097559566e-07,-1.5707963267948966,1.5707963267948966,2,15,20
14,0.001,0.0009,10,-1.949016151729735e-06,5.804352397256902e-06,-0.01,0.01,3.3521124958165056e-07,1.3147296856755116e-07,1.3147296856755116e-07,2.243343484164736e-07,-1.5707963267948966,1.5707963267948966,2,15,20
15,0.001,0.0009,10,-2.786198782814094e-06,8.950619445948423e-08,-0.01,0.01,2.2397670468052494e-07,-2.643934053393687e-07,-2.643934053393687e-07,7.699106954278556e-07,-1.5707963267948966,1.5707963267948966,2,15,20
16,0.001,0.0009,10,-4.9624459708591834e-06,1.2699788574037408e-06,-0.01,0.01,1.2165991534610725e-07,-5.65545325237371e-09,-5.65545325237371e-09,6.747610135522808e-07,-1.5707963267948966,1.5707963267948966,2,15,20
17,0.001,0.0009,10,-5.166007021126287e-06,-2.2020948455167967e-07,-0.01,0.01,1.3203105585963485e-07,-5.53763714960116e-08,-5.53763714960116e-08,5.75773105244885e-07,-1.5707963267948966,1.5707963267948966,2,15,20
18,0.001,0.0009,10,-5.415354682634611e-06,9.899640937811987e-07,-0.01,0.01,1.1986469076627702e-07,2.3955649568532852e-08,2.3955649568532852e-08,7.680918305310604e-07,-1.5707963267948966,1.5707963267948966,2,15,20
0,0.001,0.0009,10,2.570922455080918e-06,-3.040982075248323e-06,-0.01,0.01,8.371851573574369e-06,0.00017798994889396482,0.00017798994889396482,0.0038314017353206498,-1.5707963267948966,1.5707963267948966,2,10,20
1,0.001,0.0009,10,-2.849172590591349e-06,-2.881142257166384e-07,-0.01,0.01,3.6408870444027114e-06,1.4080672025942731e-05,1.4080672025942731e-05,5.614841459145509e-05,-1.5707963267948966,1.5707963267948966,2,10,20
2,0.001,0.0009,10,-2.6935771968124e-06,-2.910871894997667e-06,-0.01,0.01,1.1573437215348177e-06,4.401382443654411e-06,4.401382443654411e-06,1.8488401428691608e-05,-1.5707963267948966,1.5707963267948966,2,10,20
3,0.001,0.0009,10,-1.1981881287692532e-06,3.7610043931680325e-06,-0.01,0.01,4.082274813840227e-05,3.728162137968979e-05,3.728162137968979e-05,3.423870573170567e-05,-1.5707963267948966,1.5707963267948966,2,10,20
4,0.001,0.0009,10,-1.1532241979801406e-06,3.224768097002795e-06,-0.01,0.01,1.4003819421787016e-06,4.345233993269034e-06,4.345233993269034e-06,1.466664524376197e-05,-1.5707963267948966,1.5707963267948966,2,10,20
5,0.001,0.0009,10,-3.138959408670945e-07,-2.085424417720364e-06,-0.01,0.01,1.783738804929205e-07,1.7572523312356544e-06,1.7572523312356544e-06,4.121374695997761e-05,-1.5707963267948966,1.5707963267948966,2,10,20
6,0.001,0.0009,10,-1.8309923527454804e-07,5.51657304181475e-06,-0.01,0.01,2.4441477745264324e-05,5.7094250826434356e-05,5.7094250826434356e-05,0.00013403965668385613,-1.5707963267948966,1.5707963267948966,2,10,20
7,0.001,0.0009,10,3.94699370220204e-06,-2.7605584030538813e-06,-0.01,0.01,1.3832888721372665e-05,-3.452730386306178e-05,-3.452730386306178e-05,8.693335492298983e-05,-1.5707963267948966,1.5707963267948966,2,10,20
8,0.001,0.0009,10,-3.2392794851210652e-06,-7.779636692973098e-07,-0.01,0.01,0.0007473266148696687,0.0016691458065522247,0.0016691458065522247,0.003728637192286119,-1.5707963267948966,1.5707963267948966,2,10,20
9,0.001,0.0009,10,-8.515839900181673e-07,5.664806386687874e-06,-0.01,0.01,0.0030432165378776427,0.007656325938629988,0.007656325938629988,0.019263049715447764,-1.5707963267948966,1.5707963267948966,2,10,20
10,0.001,0.0009,10,4.2986741292881095e-06,-3.9797406237557294e-06,-0.01,0.01,2.8255208818970558e-05,-8.68694876327332e-05,-8.68694876327332e-05,0.0002681591963677803,-1.5707963267948966,1.5707963267948966,2,10,20
11,0.001,0.0009,10,-1.4764700586294723e-06,2.9500720616292185e-06,-0.01,0.01,0.006805670369278024,0.009802983622630415,0.009802983622630415,0.014120674236994413,-1.5707963267948966,1.5707963267948966,2,10,20
12,0.001,0.0009,10,-1.3678581162162216e-06,-2.7153830422600044e-06,-0.01,0.01,3.3000550789419234e-07,1.0239723160322909e-05,1.0239723160322909e-05,0.00046204579952931977,-1.5707963267948966,1.5707963267948966,2,10,20
13,0.001,0.0009,10,-3.4165356093335054e-06,8.257483160361245e-07,-0.01,0.01,7.596892199887365e-05,0.00011718855466971877,0.00011718855466971877,0.0001811235484286406,-1.5707963267948966,1.5707963267948966,2,10,20
14,0.001,0.0009,10,6.273574608161416e-07,6.978502024967851e-06,-0.01,0.01,2.2077252606645646e-05,2.9045281996706782e-05,2.9045281996706782e-05,3.849709618697205e-05,-1.5707963267948966,1.5707963267948966,2,10,20
15,0.001,0.0009,10,2.848349562447243e-06,-3.92307597314722e-06,-0.01,0.01,1.8711039970939404e-06,-6.024671015185997e-06,-6.024671015185997e-06,2.0639366398222096e-05,-1.5707963267948966,1.5707963267948966,2,10,20
16,0.001,0.0009,10,-1.0025966652114873e-07,4.571927010479265e-06,-0.01,0.01,2.256351221127758e-06,2.629556693400041e-06,2.629556693400041e-06,3.3206287453972805e-06,-1.5707963267948966,1.5707963267948966,2,10,20
17,0.001,0.0009,10,2.0200791515174542e-07,-2.498142719656562e-06,-0.01,0.01,4.877537169663843e-07,-1.8766781683283413e-06,-1.8766781683283413e-06,9.285739784942703e-06,-1.5707963267948966,1.5707963267948966,2,10,20
18,0.001,0.0009,10,-4.267255811719989e-06,5.4998222152440286e-06,-0.01,0.01,2.2131922156199206e-06,3.639193259472394e-06,3.639193259472394e-06,6.385644543673211e-06,-1.5707963267948966,1.5707963267948966,2,10,20
0,0.001,0.0009,10,7.375398806908592e-07,-4.9270541724376975e-06,-0.01,0.01,5.875182153208952e-07,8.292369046031965e-06,8.292369046031965e-06,0.0001420470354542327,-1.5707963267948966,1.5707963267948966,2,10,20
1,0.001,0.0009,10,-5.026736719327968e-06,-2.1664181210129872e-06,-0.01,0.01,5.588843033008259e-06,2.1937150473214144e-05,2.1937150473214144e-05,8.78307095355651e-05,-1.5707963267948966,1.5707963267948966,2,10,20
2,0.001,0.0009,10,-4.382153555590098e-06,-3.877932654061797e-06,-0.01,0.01,6.809116355281271e-07,2.801315079115576e-06,2.801315079115576e-06,1.3701825074709724e-05,-1.5707963267948966,1.5707963267948966,2,10,20
3,0.001,0.0009,10,-2.539189488091828e-06,4.693986114381942e-06,-0.01,0.01,5.751790256207115e-06,5.432675506652217e-06,5.432675506652217e-06,5.331351641172054e-06,-1.5707963267948966,1.5707963267948966,2,10,20
4,0.001,0.0009,10,-3.6946215147050466e-06,4.315227202917739e-06,-0.01,0.01,9.864467538475707e-07,2.60060671283072e-06,2.60060671283072e-06,7.772569242708601e-06,-1.5707963267948966,1.5707963267948966,2,10,20
5,0.001,0.0009,10,-2.4681179653346432e-06,3.969187090008798e-08,-0.01,0.01,1.281332337171205e-07,1.9536010721282247e-07,1.9536010721282247e-07,2.045721270838339e-06,-1.5707963267948966,1.5707963267948966,2,10,20
6,0.001,0.0009,10,-8.303516454618195e-07,6.258309466917123e-06,-0.01,0.01,3.9666728712571135e-06,8.403180356017483e-06,8.403180356017483e-06,1.8383938003240307e-05,-1.5707963267948966,1.5707963267948966,2,10,20
7,0.001,0.0009,10,2.951503469844005e-06,-3.102359733300794e-06,-0.01,0.01,6.245908017882587e-06,-1.6285218977983164e-05,-1.6285218977983164e-05,4.327967679389561e-05,-1.5707963267948966,1.5707963267948966,2,10,20
8,0.001,0.0009,10,-3.0706584542020736e-06,-7.327731784704381e-07,-0.01,0.01,3.6062962316685014e-06,8.261625658562708e-06,8.261625658562708e-06,1.9590370652922075e-05,-1.5707963267948966,1.5707963267948966,2,10,20
9,0.001,0.0009,10,-1.3467916397253006e-06,5.260678237650315e-06,-0.01,0.01,2.1081972149011794e-06,5.398076428910339e-06,5.398076428910339e-06,1.4642453717743562e-05,-1.5707963267948966,1.5707963267948966,2,10,20
10,0.001,0.0009,10,2.696945551381222e-06,-4.366346760570367e-06,-0.01,0.01,1.842896943774552e-05,-5.547830637035238e-05,-5.547830637035238e-05,0.0001680553075925012,-1.5707963267948966,1.5707963267948966,2,10,20
11,0.001,0.0009,10,-3.4122114780623336e-06,3.1235220619522786e-06,-0.01,0.01,7.006193262126868e-06,1.0356359780273957e-05,1.0356359780273957e-05,1.5643005026870192e-05,-1.5707963267948966,1.5707963267948966,2,10,20
12,0.001,0.0009,10,-3.683255540729025e-06,-2.7731594498332498e-06,-0.01,0.01,2.601250072740107e-07,5.399283100888822e-06,5.399283100888822e-06,0.00018570972619719707,-1.5707963267948966,1.5707963267948966,2,10,20
13,0.001,0.0009,10,-4.406114915044807e-06,2.382270204514147e-06,-0.01,0.01,3.701764869004679e-06,5.179275900912916e-06,5.179275900912916e-06,7.561458705933741e-06,-1.5707963267948966,1.5707963267948966,2,10,20
14,0.001,0.0009,10,-1.1014659888170897e-06,7.0788117206212945e-06,-0.01,0.01,3.556626222756094e-06,4.7522218223213505e-06,4.7522218223213505e-06,6.647064891253453e-06,-1.5707963267948966,1.5707963267948966,2,10,20
15,0.001,0.0009,10,4.792925521964912e-08,-1.7768418388949746e-06,-0.01,0.01,1.76557392722156e-07,-2.3026508786648305e-07,-2.3026508786648305e-07,9.698304933739763e-07,-1.5707963267948966,1.5707963267948966,2,10,20
16,0.001,0.0009,10,-2.0575848182116153e-06,5.776066279077444e-06,-0.01,0.01,7.587006939495858e-07,9.313085411789423e-07,9.313085411789423e-07,1.4435471735551693e-06,-1.5707963267948966,1.5707963267948966,2,10,20
17,0.001,0.0009,10,-3.024442471336759e-06,3.591360790868681e-07,-0.01,0.01,1.3571270699856742e-07,-1.772032919003027e-07,-1.772032919003027e-07,1.3888846633087375e-06,-1.5707963267948966,1.5707963267948966,2,10,20
18,0.001,0.0009,10,-5.0552187637763056e-06,5.229331613869545e-06,-0.01,0.01,3.901141126965635e-07,5.751506329212908e-07,5.751506329212908e-07,1.293567955120905e-06,-1.5707963267948966,1.5707963267948966,2,10,20
0,0.001,0.0009,10,-5.948481678996261e-07,-5.725191947991982e-06,-0.01,0.01,5.599274878146835e-07,7.778086988733183e-06,7.778086988733183e-06,0.00013253035075112222,-1.5707963267948966,1.5707963267948966,2,10,20
1,0.001,0.0009,10,-6.225317958333587e-06,-2.915711883940681e-06,-0.01,0.01,1.071594389534131e-06,3.5010858913043953e-06,3.5010858913043953e-06,1.2771090939903977e-05,-1.5707963267948966,1.5707963267948966,2,10,20
2,0.001,0.0009,10,-5.50371784642884e-06,-4.217489457779155e-06,-0.01,0.01,6.233240452452433e-07,2.454212431791488e-06,2.454212431791488e-06,1.1700797483139028e-05,-1.5707963267948966,1.5707963267948966,2,10,20
3,0.001,0.0009,10,-3.273571027388177e-06,4.906165549815089e-06,-0.01,0.01,5.371907361539941e-06,4.968224268412486e-06,4.968224268412486e-06,4.791335941980704e-06,-1.5707963267948966,1.5707963267948966,2,10,20
4,0.001,0.0009,10,-4.61499958209638e-06,4.792555752338448e-06,-0.01,0.01,1.2461495490809726e-06,3.1939963725052816e-06,3.1939963725052816e-06,9.03848160357763e-06,-1.5707963267948966,1.5707963267948966,2,10,20
5,0.001,0.0009,10,-3.56703700887131e-06,1.459431899998133e-07,-0.01,0.01,1.257330950440709e-07,1.8035381722825354e-07,1.8035381722825354e-07,2.0025517692765524e-06,-1.5707963267948966,1.5707963267948966,2,10,20
6,0.001,0.0009,10,-1.8568469057500688e-06,6.245062059911348e-06,-0.01,0.01,7.482980557863025e-07,1.1960665328433871e-06,1.1960665328433871e-06,2.3381798002495536e-06,-1.5707963267948966,1.5707963267948966,2,10,20
7,0.001,0.0009,10,1.3636306226798878e-06,-2.7413746421411113e-06,-0.01,0.01,7.754668170143455e-07,-2.016481706039906e-06,-2.016481706039906e-06,6.16724214431565e-06,-1.5707963267948966,1.5707963267948966,2,10,20
8,0.001,0.0009,10,-3.4062721057226583e-06,-2.6603968881964625e-07,-0.01,0.01,2.883448823859477e-06,6.782914108668004e-06,6.782914108668004e-06,1.6655164231379427e-05,-1.5707963267948966,1.5707963267948966,2,10,20
9,0.001,0.0009,10,-2.019875929706286e-06,5.038119765992136e-06,-0.01,0.01,1.927066058323019e-06,4.9968804593319614e-06,4.9968804593319614e-06,1.3799579678964309e-05,-1.5707963267948966,1.5707963267948966,2,10,20
10,0.001,0.0009,10,1.218153973453882e-06,-4.284138270317845e-06,-0.01,0.01,1.6449308281822111e-06,-5.029092983805796e-06,-5.029092983805796e-06,1.6514453320882112e-05,-1.5707963267948966,1.5707963267948966,2,10,20
11,0.001,0.0009,10,-4.4838855166393e-06,3.2268054050317012e-06,-0.01,0.01,4.960662143413551e-06,7.524964409264172e-06,7.524964409264172e-06,1.1763585490679672e-05,-1.5707963267948966,1.5707963267948966,2,10,20
12,0.001,0.0009,10,-4.990190681400325e-06,-2.3290608600271645e-06,-0.01,0.01,1.3973349840274368e-07,5.7436635606089e-07,5.7436635606089e-07,9.375414489180204e-06,-1.5707963267948966,1.5707963267948966,2,10,20
13,0.001,0.0009,10,-4.818977689761228e-06,3.793551888976167e-06,-0.01,0.01,2.8949007176773587e-06,3.809517845994518e-06,3.809517845994518e-06,5.306430203117539e-06,-1.5707963267948966,1.5707963267948966,2,10,20
14,0.001,0.0009,10,-2.496787391521416e-06,6.960628465932721e-06,-0.01,0.01,7.300556266920514e-07,9.481157667565505e-07,9.481157667565505e-07,1.5553425533525616e-06,-1.5707963267948966,1.5707963267948966,2,10,20
15,0.001,0.0009,10,-1.706167111176922e-06,-1.75527697675746e-07,-0.01,0.01,1.7041901768977053e-07,-1.366321776877345e-07,-1.366321776877345e-07,5.388318213074631e-07,-1.5707963267948966,1.5707963267948966,2,10,20
16,0.001,0.0009,10,-3.82186441671212e-06,6.416700617489541e-06,-0.01,0.01,4.572213696866506e-07,5.936952577507992e-07,5.936952577507992e-07,1.1296005392570693e-06,-1.5707963267948966,1.5707963267948966,2,10,20
17,0.001,0.0009,10,-4.838536099276824e-06,1.6841335212062521e-06,-0.01,0.01,1.1803584432533416e-07,-7.443224769385478e-08,-7.443224769385478e-08,1.179076351688767e-06,-1.5707963267948966,1.5707963267948966,2,10,20
18,0.001,0.0009,10,-5.154287639193925e-06,4.864607358732255e-06,-0.01,0.01,2.014766087569972e-07,1.975047259756438e-07,1.975047259756438e-07,6.083369878644489e-07,-1.5707963267948966,1.5707963267948966,2,10,20
0,0.001,0.0009,10,-1.6866039476603383e-06,-6.1818324153711785e-06,-0.01,0.01,1.4406159138088603e-07,1.0003519639125091e-06,1.0003519639125091e-06,2.473332489673533e-05,-1.5707963267948966,1.5707963267948966,2,10,20
1,0.001,0.0009,10,-7.483965298815621e-06,-2.7707133528099386e-06,-0.01,0.01,4.1291791782751507e-07,9.346078261633331e-07,9.346078261633331e-07,2.957729876531058e-06,-1.5707963267948966,1.5707963267948966,2,10,20
2,0.001,0.0009,10,-6.139735634637774e-06,-3.727089285331693e-06,-0.01,0.01,2.729849211978082e-07,6.524522862468434e-07,6.524522862468434e-07,2.6713608487150722e-06,-1.5707963267948966,1.5707963267948966,2,10,20
3,0.001,0.0009,10,-3.3970412847248816e-06,5.326386571091268e-06,-0.01,0.01,4.480094350967031e-06,4.008194205567475e-06,4.008194205567475e-06,3.7774051357876667e-06,-1.5707963267948966,1.5707963267948966,2,10,20
4,0.001,0.0009,10,-5.017008643160521e-06,4.363013569222521e-06,-0.01,0.01,3.5586131879599855e-07,7.787295869117913e-07,7.787295869117913e-07,2.545267665399584e-06,-1.5707963267948966,1.5707963267948966,2,10,20
5,0.001,0.0009,10,-4.521690438588177e-06,-1.7258303102919464e-07,-0.01,0.01,1.321396016281808e-07,2.1368079826411843e-07,2.1368079826411843e-07,2.0358016494400836e-06,-1.5707963267948966,1.5707963267948966,2,10,20
6,0.001,0.0009,10,-2.563528011039707e-06,6.281326995317103e-06,-0.01,0.01,5.774667095505979e-07,7.470754839953435e-07,7.470754839953435e-07,1.3034052554714736e-06,-1.5707963267948966,1.5707963267948966,2,10,20
7,0.001,0.0009,10,-1.698199613198204e-07,-2.3894158783568988e-06,-0.01,0.01,4.7407237317871155e-07,-1.256732566711524e-06,-1.256732566711524e-06,4.389520066693712e-06,-1.5707963267948966,1.5707963267948966,2,10,20
8,0.001,0.0009,10,-4.140645075832123e-06,1.574425841781176e-07,-0.01,0.01,2.0457369826058973e-06,4.990105485543011e-06,4.990105485543011e-06,1.292741453059576e-05,-1.5707963267948966,1.5707963267948966,2,10,20
9,0.001,0.0009,10,-2.9784725171816992e-06,4.790501338917182e-06,-0.01,0.01,1.7873839329141544e-06,4.463947947926379e-06,4.463947947926379e-06,1.1941750986046895e-05,-1.5707963267948966,1.5707963267948966,2,10,20
10,0.001,0.0009,10,-3.912033189662679e-07,-3.920671615666259e-06,-0.01,0.01,3.9261747569855154e-07,-1.0964833369621396e-06,-1.0964833369621396e-06,4.292767287576104e-06,-1.5707963267948966,1.5707963267948966,2,10,20
11,0.001,0.0009,10,-5.195644683929705e-06,3.6198390744955775e-06,-0.01,0.01,3.407342240801552e-06,4.945688392394763e-06,4.945688392394763e-06,7.51006248901993e-06,-1.5707963267948966,1.5707963267948966,2,10,20
12,0.001,0.0009,10,-5.4206054753927055e-06,-8.202537373767606e-07,-0.01,0.01,1.4424635692124638e-07,3.4012241104421773e-07,3.4012241104421773e-07,3.1673485082213584e-06,-1.5707963267948966,1.5707963267948966,2,10,20
13,0.001,0.0009,10,-4.957474817274944e-06,4.75382983625304e-06,-0.01,0.01,7.928983301194126e-07,1.028469228255362e-06,1.028469228255362e-06,1.6531623873478217e-06,-1.5707963267948966,1.5707963267948966,2,10,20
14,0.001,0.0009,10,-3.2751449474784134e-06,6.575175255219876e-06,-0.01,0.01,3.152452559225107e-07,3.526424055831002e-07,3.526424055831002e-07,7.407631417736927e-07,-1.5707963267948966,1.5707963267948966,2,10,20
15,0.001,0.0009,10,-2.8134721950912656e-06,8.544974258567893e-07,-0.01,0.01,1.8645458215940297e-07,-1.343523709716234e-07,-1.343523709716234e-07,4.478196396594664e-07,-1.5707963267948966,1.5707963267948966,2,10,20
16,0.001,0.0009,10,-5.490478377558689e-06,6.5057988811527125e-06,-0.01,0.01,4.307528620817575e-07,6.170179290766759e-07,6.170179290766759e-07,1.2984662420544258e-06,-1.5707963267948966,1.5707963267948966,2,10,20
17,0.001,0.0009,10,-5.942610574957231e-06,2.4658374802854846e-06,-0.01,0.01,1.1355321790860601e-07,-1.7637030435747343e-09,-1.7637030435747343e-09,1.1111291558291246e-06,-1.5707963267948966,1.5707963267948966,2,10,20
18,0.001,0.0009,10,-5.28947105916638e-06,3.989555020757493e-06,-0.01,0.01,1.6177091516784486e-07,1.294697921438746e-07,1.294697921438746e-07,5.702555308095441e-07,-1.5707963267948966,1.5707963267948966,2,10,20
0,0.001,0.0009,10,-2.57767383249368e-06,-6.1305127771991214e-06,-0.01,0.01,1.0475138017367481e-07,3.814058154539693e-08,3.814058154539693e-08,6.996398158971911e-06,-1.5707963267948966,1.5707963267948966,2,10,20
1,0.001,0.0009,10,-8.298941965849301e-06,-2.17044081891365e-06,-0.01,0.01,2.9249539419757856e-07,4.509511217145976e-07,4.509511217145976e-07,1.2340115141312425e-06,-1.5707963267948966,1.5707963267948966,2,10,20
2,0.001,0.0009,10,-6.4689830142049945e-06,-2.901650713992659e-06,-0.01,0.01,2.0560560812144767e-07,2.887572500121513e-07,2.887572500121513e-07,1.0206272030293322e-06,-1.5707963267948966,1.5707963267948966,2,10,20
3,0.001,0.0009,10,-3.831053552469334e-06,5.6624293256771e-06,-0.01,0.01,3.973995219658882e-06,3.6424083120882224e-06,3.6424083120882224e-06,3.5346433297754307e-06,-1.5707963267948966,1.5707963267948966,2,10,20
4,0.001,0.0009,10,-4.60472746977377e-06,3.612022093680703e-06,-0.01,0.01,1.7126223768653926e-07,1.9908637233728935e-07,1.9908637233728935e-07,8.411921714018772e-07,-1.5707963267948966,1.5707963267948966,2,10,20
5,0.001,0.0009,10,-5.7579809532811485e-06,-5.8360973185261786e-08,-0.01,0.01,1.4959403552073055e-07,2.1081530930843705e-07,2.1081530930843705e-07,1.2860612252388835e-06,-1.5707963267948966,1.5707963267948966,2,10,20
6,0.001,0.0009,10,-3.1122097063675978e-06,6.477590771844163e-06,-0.01,0.01,5.735139065791805e-07,6.386632208494883e-07,6.386632208494883e-07,9.941381036559544e-07,-1.5707963267948966,1.5707963267948966,2,10,20
7,0.001,0.0009,10,-1.6188358364079633e-06,-2.0055027158080867e-06,-0.01,0.01,3.694705951380776e-07,-1.0165776298144901e-06,-1.0165776298144901e-06,4.022611464541222e-06,-1.5707963267948966,1.5707963267948966,2,10,20
8,0.001,0.0009,10,-4.682142216264703e-06,4.2560863969983725e-07,-0.01,0.01,1.1781729350577257e-06,3.0102602336200818e-06,3.0102602336200818e-06,8.542339798993375e-06,-1.5707963267948966,1.5707963267948966,2,10,20
9,0.001,0.0009,10,-4.151989670483079e-06,4.554181776939989e-06,-0.01,0.01,1.7656565856073216e-06,4.306684546997491e-06,4.306684546997491e-06,1.1266724031676875e-05,-1.5707963267948966,1.5707963267948966,2,10,20
10,0.001,0.0009,10,-2.00410715136029e-06,-3.2151468659952637e-06,-0.01,0.01,1.7574554158161175e-07,-3.3404127797106077e-07,-3.3404127797106077e-07,1.7846861814612503e-06,-1.5707963267948966,1.5707963267948966,2,10,20
11,0.001,0.0009,10,-4.8728203342629966e-06,4.760618832524285e-06,-0.01,0.01,1.6174843291878374e-06,2.1087672970911093e-06,2.1087672970911093e-06,3.0477756802956553e-06,-1.5707963267948966,1.5707963267948966,2,10,20
12,0.001,0.0009,10,-5.2386262805991925e-06,1.7983736710555537e-07,-0.01,0.01,1.1662557900297044e-07,1.0328157409012701e-07,1.0328157409012701e-07,1.6674421683792296e-06,-1.5707963267948966,1.5707963267948966,2,10,20
13,0.001,0.0009,10,-5.309187651727839e-06,4.79915923880798e-06,-0.01,0.01,6.311703425160228e-07,8.389967341802546e-07,8.389967341802546e-07,1.4573825319312874e-06,-1.5707963267948966,1.5707963267948966,2,10,20
14,0.001,0.0009,10,-4.03570732123921e-06,6.479030802639267e-06,-0.01,0.01,3.1112080862711367e-07,3.4580599223759477e-07,3.4580599223759477e-07,7.303708621317551e-07,-1.5707963267948966,1.5707963267948966,2,10,20
15,0.001,0.0009,10,-3.2162353950528544e-06,2.059065585995138e-06,-0.01,0.01,1.8004159164879658e-07,-7.138802050465979e-08,-7.138802050465979e-08,3.082494794878996e-07,-1.5707963267948966,1.5707963267948966,2,10,20
16,0.001,0.0009,10,-6.200462600317677e-06,6.718938352819008e-06,-0.01,0.01,3.8916359906919466e-07,5.140412074728959e-07,5.140412074728959e-07,1.064929044927023e-06,-1.5707963267948966,1.5707963267948966,2,10,20
17,0.001,0.0009,10,-6.662532967647711e-06,2.4375077858242627e-06,-0.01,0.01,1.1333658868381436e-07,1.0746851651640063e-08,1.0746851651640063e-08,1.1430147781504044e-06,-1.5707963267948966,1.5707963267948966,2,10,20
18,0.001,0.0009,10,-5.747896439169737e-06,3.4454032277464127e-06,-0.01,0.01,1.4967013560976078e-07,1.1490764289129538e-07,1.1490764289129538e-07,6.147873577072291e-07,-1.5707963267948966,1.5707963267948966,2,10,20
0,0.001,0.0009,10,4.682344594643832e-06,-1.4653825091796019e-06,-0.01,0.01,2.4629009703457877e-05,-2.2765161051552082e-05,-2.2765161051552082e-05,2.123513898760356e-05,-1.5707963267948966,1.5707963267948966,2,5,20
1,0.001,0.0009,10,-6.93193610538707e-06,2.7513170775193886e-06,-0.01,0.01,1.8254657908634478e-05,8.087243958054278e-06,8.087243958054278e-06,3.70777009178904e-06,-1.5707963267948966,1.5707963267948966,2,5,20
2,0.001,0.0009,10,2.2489129437143307e-08,4.6532404540161014e-06,-0.01,0.01,0.0007479602292273502,0.00036040505220212945,0.00036040505220212945,0.00017378968211656415,-1.5707963267948966,1.5707963267948966,2,5,20
3,0.001,0.0009,10,-1.8635853693230243e-06,6.121813796570177e-07,-0.01,0.01,2.794234855742619e-07,3.5838174268381126e-06,3.5838174268381126e-06,7.296836773768683e-05,-1.5707963267948966,1.5707963267948966,2,5,20
4,0.001,0.0009,10,-2.4567353974884823e-06,-2.9024971822059564e-06,-0.01,0.01,4.182357574031729e-07,1.5106505974634948e-06,1.5106505974634948e-06,7.377171272945478e-06,-1.5707963267948966,1.5707963267948966,2,5,20
5,0.001,0.0009,10,-3.3715229511777716e-06,2.8817947254974763e-06,-0.01,0.01,1.3985565634204706e-05,1.283782432562148e-05,1.283782432562148e-05,1.1977026564293018e-05,-1.5707963267948966,1.5707963267948966,2,5,20
6,0.001,0.0009,10,1.8443625072357356e-07,6.350678738787633e-06,-0.01,0.01,6.133658002398922e-05,8.088501909010518e-05,8.088501909010518e-05,0.00010694814758686652,-1.5707963267948966,1.5707963267948966,2,5,20
7,0.001,0.0009,10,8.523164622395519e-07,1.4621752617552651e-08,-0.01,0.01,1.0899716435891707e-05,-6.13569763426446e-05,-6.13569763426446e-05,0.00034879264078659686,-1.5707963267948966,1.5707963267948966,2,5,20
8,0.001,0.0009,10,-1.7295133062914517e-06,-2.952985080456083e-06,-0.01,0.01,2.119257056796396e-06,1.873463876893394e-05,1.873463876893394e-05,0.00017418742980138493,-1.5707963267948966,1.5707963267948966,2,5,20
9,0.001,0.0009,10,-5.089215515712631e-06,4.309096945588401e-07,-0.01,0.01,5.964729074568109e-05,9.761915824099111e-05,9.761915824099111e-05,0.00016014526777947925,-1.5707963267948966,1.5707963267948966,2,5,20
10,0.001,0.0009,10,6.835819363219048e-07,6.3855393618994305e-06,-0.01,0.01,3.6100856366308897e-05,2.2189616697992224e-05,2.2189616697992224e-05,1.3782907324158371e-05,-1.5707963267948966,1.5707963267948966,2,5,20
11,0.001,0.0009,10,-3.150612136790231e-06,4.31106527685554e-06,-0.01,0.01,1.7933172982133455e-07,1.1486374569290169e-06,1.1486374569290169e-06,1.753161686374186e-05,-1.5707963267948966,1.5707963267948966,2,5,20
12,0.001,0.0009,10,5.693776286044144e-06,4.3305479583841625e-07,-0.01,0.01,0.0023378925749532385,-0.002229408473202406,-0.002229408473202406,0.002126156513843226,-1.5707963267948966,1.5707963267948966,2,5,20
13,0.001,0.0009,10,-5.908844681677651e-06,-2.851276546557813e-06,-0.01,0.01,0.000890697476096767,0.003833597293234349,0.003833597293234349,0.016501967164818644,-1.5707963267948966,1.5707963267948966,2,5,20
14,0.001,0.0009,10,-3.872853583609789e-06,5.0863478249481405e-06,-0.01,0.01,0.00033092158592296116,0.00016998378660547305,0.00016998378660547305,8.744676961498153e-05,-1.5707963267948966,1.5707963267948966,2,5,20
15,0.001,0.0009,10,-2.726804607336815e-06,4.470180139743143e-06,-0.01,0.01,0.000318871088541337,0.0001287344088420696,0.0001287344088420696,5.2093665407142415e-05,-1.5707963267948966,1.5707963267948966,2,5,20
16,0.001,0.0009,10,-3.80163064477006e-06,3.253066218407293e-06,-0.01,0.01,0.00014431129387987188,0.00023779499752575473,0.00023779499752575473,0.0003922212198317041,-1.5707963267948966,1.5707963267948966,2,5,20
17,0.001,0.0009,10,-2.58093534649191e-06,6.062965421783973e-06,-0.01,0.01,1.688299137856047e-05,4.811631677837435e-05,4.811631677837435e-05,0.0001380783441489405,-1.5707963267948966,1.5707963267948966,2,5,20
18,0.001,0.0009,10,2.1932416488779745e-06,-1.3140959009654263e-06,-0.01,0.01,1.5130992316336405e-05,-2.191869106926667e-05,-2.191869106926667e-05,3.207419785722209e-05,-1.5707963267948966,1.5707963267948966,2,5,20
0,0.001,0.0009,10,4.1508518717361436e-06,-3.310004926464825e-06,-0.01,0.01,9.097890844161305e-07,-8.196204417840466e-07,-8.196204417840466e-07,9.497881897389227e-07,-1.5707963267948966,1.5707963267948966,2,5,20
1,0.001,0.0009,10,-9.203574460123674e-06,1.8613879093031607e-06,-0.01,0.01,1.8381596112519704e-06,8.887141974161973e-07,8.887141974161973e-07,5.653598225666908e-07,-1.5707963267948966,1.5707963267948966,2,5,20
2,0.001,0.0009,10,-1.9495957149490664e-06,5.246036841123747e-06,-0.01,0.01,4.073638326481045e-05,1.9875399151471456e-05,1.9875399151471456e-05,9.826484330182504e-06,-1.5707963267948966,1.5707963267948966,2,5,20
3,0.001,0.0009,10,-5.12690938800388e-06,-1.1296005381463243e-06,-0.01,0.01,1.0541992986697234e-07,8.344808480496524e-08,8.344808480496524e-08,7.378308797998274e-06,-1.5707963267948966,1.5707963267948966,2,5,20
4,0.001,0.0009,10,-5.894666411608829e-06,-1.6853266816633186e-06,-0.01,0.01,3.520453384963796e-07,8.97768179799055e-07,8.97768179799055e-07,3.3832906978209917e-06,-1.5707963267948966,1.5707963267948966,2,5,20
5,0.001,0.0009,10,-3.3902454567479457e-06,3.1156258068363583e-06,-0.01,0.01,6.233938308789899e-07,5.126984386970129e-07,5.126984386970129e-07,6.30053487176583e-07,-1.5707963267948966,1.5707963267948966,2,5,20
6,0.001,0.0009,10,-1.808846148008619e-06,7.734454684912136e-06,-0.01,0.01,2.4734643516422264e-06,2.8937062186248374e-06,2.8937062186248374e-06,3.641689180785384e-06,-1.5707963267948966,1.5707963267948966,2,5,20
7,0.001,0.0009,10,-3.145045041082272e-06,2.880422757776061e-08,-0.01,0.01,5.05101127157369e-07,-2.5710262085403924e-06,-2.5710262085403924e-06,1.656969436779013e-05,-1.5707963267948966,1.5707963267948966,2,5,20
8,0.001,0.0009,10,-4.656093693762336e-06,-2.548239218840339e-06,-0.01,0.01,7.707371267319314e-07,5.906618107921421e-06,5.906618107921421e-06,5.2368082103861996e-05,-1.5707963267948966,1.5707963267948966,2,5,20
9,0.001,0.0009,10,-4.82786350187451e-06,2.2542364855311062e-06,-0.01,0.01,3.493700892861097e-05,5.719934705347807e-05,5.719934705347807e-05,9.402934722932069e-05,-1.5707963267948966,1.5707963267948966,2,5,20
10,0.001,0.0009,10,1.5657082995742742e-06,8.42097612128228e-06,-0.01,0.01,1.1862219933856696e-06,7.490351980537122e-07,7.490351980537122e-07,6.323841246564076e-07,-1.5707963267948966,1.5707963267948966,2,5,20
11,0.001,0.0009,10,-4.294967421455983e-06,5.442346639893822e-06,-0.01,0.01,1.0702380653997665e-07,1.197493525997634e-07,1.197493525997634e-07,6.315455547943979e-06,-1.5707963267948966,1.5707963267948966,2,5,20
12,0.001,0.0009,10,3.887900915447048e-06,-1.154365679390985e-06,-0.01,0.01,1.7066430907802039e-06,-1.6698251974163664e-06,-1.6698251974163664e-06,1.8498890225345155e-06,-1.5707963267948966,1.5707963267948966,2,5,20
13,0.001,0.0009,10,-6.867367226180409e-06,-2.4665292252599866e-06,-0.01,0.01,1.565090160139376e-05,6.924336383732389e-05,6.924336383732389e-05,0.00030848345834663904,-1.5707963267948966,1.5707963267948966,2,5,20
14,0.001,0.0009,10,-4.623878699146507e-06,5.59290676728042e-06,-0.01,0.01,3.4761278135029664e-05,1.8368868333997673e-05,1.8368868333997673e-05,9.840120612016664e-06,-1.5707963267948966,1.5707963267948966,2,5,20
15,0.001,0.0009,10,-3.4816594755931485e-06,6.0521495225973995e-06,-0.01,0.01,0.00016121675671217236,6.672643603488509e-05,6.672643603488509e-05,2.7739590792455816e-05,-1.5707963267948966,1.5707963267948966,2,5,20
16,0.001,0.0009,10,-6.255124738576248e-06,5.176268833441417e-06,-0.01,0.01,2.505819193862269e-06,4.293333423456166e-06,4.293333423456166e-06,7.78028726231695e-06,-1.5707963267948966,1.5707963267948966,2,5,20
17,0.001,0.0009,10,-5.698105839721315e-06,5.828604652028489e-06,-0.01,0.01,5.355027474538107e-07,1.391555232211185e-06,1.391555232211185e-06,4.606726669794452e-06,-1.5707963267948966,1.5707963267948966,2,5,20
18,0.001,0.0009,10,-5.326727512997287e-07,-9.644975751864673e-07,-0.01,0.01,1.2733158183880018e-06,-1.80449181721942e-06,-1.80449181721942e-06,2.8958464213202996e-06,-1.5707963267948966,1.5707963267948966,2,5,20
0,0.001,0.0009,10,3.177589666491608e-06,-3.352693012935549e-06,-0.01,0.01,3.719398434032252e-07,-2.6436704418470713e-07,-2.6436704418470713e-07,4.0332067729500205e-07,-1.5707963267948966,1.5707963267948966,2,5,20
1,0.001,0.0009,10,-9.013194732005313e-06,1.6090688707358337e-06,-0.01,0.01,5.878884664349559e-07,2.5306865600757684e-07,2.5306865600757684e-07,2.580486355607829e-07,-1.5707963267948966,1.5707963267948966,2,5,20
2,0.001,0.0009,10,-3.0316371604860165e-06,5.24980852079332e-06,-0.01,0.01,1.3073559282224791e-06,6.626966900960962e-07,6.626966900960962e-07,4.778309582900088e-07,-1.5707963267948966,1.5707963267948966,2,5,20
3,0.001,0.0009,10,-5.516435963082763e-06,-1.711616268826474e-06,-0.01,0.01,1.1305380228138949e-07,-1.1130747120027205e-07,-1.1130747120027205e-07,2.392712830355284e-06,-1.5707963267948966,1.5707963267948966,2,5,20
4,0.001,0.0009,10,-7.1553777683000165e-06,-8.131781082535584e-07,-0.01,0.01,3.9494541790467483e-07,1.0128857710775694e-06,1.0128857710775694e-06,3.6548633243312884e-06,-1.5707963267948966,1.5707963267948966,2,5,20
5,0.001,0.0009,10,-3.408164257918289e-06,3.3725609083710248e-06,-0.01,0.01,3.3991143417318546e-07,2.1008228958357076e-07,2.1008228958357076e-07,3.3561791250853077e-07,-1.5707963267948966,1.5707963267948966,2,5,20
6,0.001,0.0009,10,-3.5025767579345124e-06,7.028094501897433e-06,-0.01,0.01,1.3378628435077295e-06,1.604651962059762e-06,1.604651962059762e-06,2.1984448621879417e-06,-1.5707963267948966,1.5707963267948966,2,5,20
7,0.001,0.0009,10,-5.075511076137451e-06,4.091103883360735e-08,-0.01,0.01,1.36072647301876e-07,-2.7655993389588944e-07,-2.7655993389588944e-07,2.7377935300087065e-06,-1.5707963267948966,1.5707963267948966,2,5,20
8,0.001,0.0009,10,-6.087045747358972e-06,-1.0715014057883604e-06,-0.01,0.01,1.9785357091268604e-07,6.069141245611691e-07,6.069141245611691e-07,4.0994126675276045e-06,-1.5707963267948966,1.5707963267948966,2,5,20
9,0.001,0.0009,10,-4.535816106792335e-06,3.5712357315807727e-06,-0.01,0.01,8.118856916542923e-07,1.036248403873455e-06,1.036248403873455e-06,1.6343144032513822e-06,-1.5707963267948966,1.5707963267948966,2,5,20
10,0.001,0.0009,10,9.926889593232133e-07,8.198535387177287e-06,-0.01,0.01,5.699643821758901e-07,3.583166215990566e-07,3.583166215990566e-07,4.023050790749355e-07,-1.5707963267948966,1.5707963267948966,2,5,20
11,0.001,0.0009,10,-4.741864121485986e-06,5.360169560638479e-06,-0.01,0.01,1.161484474173943e-07,9.587867657790284e-08,9.587867657790284e-08,1.6123832070689682e-06,-1.5707963267948966,1.5707963267948966,2,5,20
12,0.001,0.0009,10,2.081182551213458e-06,-6.921251991390639e-07,-0.01,0.01,7.010915051229351e-07,-6.894690796338903e-07,-6.894690796338903e-07,9.170242704793214e-07,-1.5707963267948966,1.5707963267948966,2,5,20
13,0.001,0.0009,10,-6.190741956481846e-06,-1.8189514256782764e-06,-0.01,0.01,1.7536911531698562e-07,4.1254741480304363e-07,4.1254741480304363e-07,2.602339269623992e-06,-1.5707963267948966,1.5707963267948966,2,5,20
14,0.001,0.0009,10,-4.504937471943944e-06,5.133988186657416e-06,-0.01,0.01,1.4733277458982307e-06,8.251979380539898e-07,8.251979380539898e-07,6.089877850674469e-07,-1.5707963267948966,1.5707963267948966,2,5,20
15,0.001,0.0009,10,-2.899535692666868e-06,6.881715420820542e-06,-0.01,0.01,1.4354734284879164e-06,6.460576253868455e-07,6.460576253868455e-07,4.2553572636577317e-07,-1.5707963267948966,1.5707963267948966,2,5,20
16,0.001,0.0009,10,-6.3563456110584995e-06,4.874414276132743e-06,-0.01,0.01,3.3428335469199144e-07,4.579278771034192e-07,4.579278771034192e-07,1.0571226464852933e-06,-1.5707963267948966,1.5707963267948966,2,5,20
17,0.001,0.0009,10,-7.082432698872966e-06,5.063028264815591e-06,-0.01,0.01,4.030285001091127e-07,8.365620508249992e-07,8.365620508249992e-07,2.472694274004728e-06,-1.5707963267948966,1.5707963267948966,2,5,20
18,0.001,0.0009,10,-1.7772326950918593e-06,-5.679789116151209e-07,-0.01,0.01,5.056086335753961e-07,-6.821559200816397e-07,-6.821559200816397e-07,1.2865471578970652e-06,-1.5707963267948966,1.5707963267948966,2,5,20
0,0.001,0.0009,10,2.3496431078435086e-06,-2.5181425273233848e-06,-0.01,0.01,2.584347617706331e-07,-1.302888814287315e-07,-1.302888814287315e-07,2.8148621727360816e-07,-1.5707963267948966,1.5707963267948966,2,5,20
1,0.001,0.0009,10,-8.271271707128731e-06,1.7056145310602432e-06,-0.01,0.01,3.689399722194611e-07,1.2526457706099831e-07,1.2526457706099831e-07,2.0301413237652324e-07,-1.5707963267948966,1.5707963267948966,2,5,20
2,0.001,0.0009,10,-3.6196465871708946e-06,4.817369008190569e-06,-0.01,0.01,5.505202006739192e-07,2.714576967421508e-07,2.714576967421508e-07,2.9275096015543204e-07,-1.5707963267948966,1.5707963267948966,2,5,20
3,0.001,0.0009,10,-4.9441302748435814e-06,-1.6387182622721666e-06,-0.01,0.01,1.2917465535979986e-07,-1.171606102682384e-07,-1.171606102682384e-07,1.0342340942564058e-06,-1.5707963267948966,1.5707963267948966,2,5,20
4,0.001,0.0009,10,-7.214083977000003e-06,-1.7017736330240238e-07,-0.01,0.01,2.3560261600838357e-07,5.009038297780893e-07,5.009038297780893e-07,2.0766104470578194e-06,-1.5707963267948966,1.5707963267948966,2,5,20
5,0.001,0.0009,10,-3.0580933555704857e-06,2.568838791814866e-06,-0.01,0.01,2.402382344678128e-07,1.1363339263012768e-07,1.1363339263012768e-07,2.7596230824294567e-07,-1.5707963267948966,1.5707963267948966,2,5,20
6,0.001,0.0009,10,-5.00281558491275e-06,6.510034105168183e-06,-0.01,0.01,1.167283781855352e-06,1.293553603617374e-06,1.293553603617374e-06,1.6867450196466809e-06,-1.5707963267948966,1.5707963267948966,2,5,20
7,0.001,0.0009,10,-5.82538019099749e-06,5.659073436912716e-07,-0.01,0.01,1.2188855971097177e-07,-4.5911282974357124e-08,-4.5911282974357124e-08,7.780052424908396e-07,-1.5707963267948966,1.5707963267948966,2,5,20
8,0.001,0.0009,10,-6.689842579045146e-06,-4.0610833756626787e-08,-0.01,0.01,1.9156297456184332e-07,4.2122340891627793e-07,4.2122340891627793e-07,2.2276018058977026e-06,-1.5707963267948966,1.5707963267948966,2,5,20
9,0.001,0.0009,10,-4.60799562479691e-06,4.783278630794872e-06,-0.01,0.01,8.107998585970325e-07,1.005058963254341e-06,1.005058963254341e-06,1.5467041524487182e-06,-1.5707963267948966,1.5707963267948966,2,5,20
10,0.001,0.0009,10,3.8237862842202825e-07,7.379780708937155e-06,-0.01,0.01,3.3037729209717066e-07,1.7624423803730057e-07,1.7624423803730057e-07,2.8791484089886726e-07,-1.5707963267948966,1.5707963267948966,2,5,20
11,0.001,0.0009,10,-5.091670299843542e-06,4.916832612364911e-06,-0.01,0.01,1.221116751764235e-07,1.200787206427121e-07,1.200787206427121e-07,1.415268099489715e-06,-1.5707963267948966,1.5707963267948966,2,5,20
12,0.001,0.0009,10,8.409087965410554e-07,-3.250938198844483e-08,-0.01,0.01,4.4897646034046623e-07,-4.490702147906616e-07,-4.490702147906616e-07,7.179862922356913e-07,-1.5707963267948966,1.5707963267948966,2,5,20
13,0.001,0.0009,10,-5.512767194550238e-06,-1.1634672186531135e-06,-0.01,0.01,1.3301963347036073e-07,2.127424215136622e-07,2.127424215136622e-07,1.9651709439951066e-06,-1.5707963267948966,1.5707963267948966,2,5,20
14,0.001,0.0009,10,-3.9144355974674635e-06,4.571587807525616e-06,-0.01,0.01,5.357389445375293e-07,2.786039774056934e-07,2.786039774056934e-07,3.0821590543792065e-07,-1.5707963267948966,1.5707963267948966,2,5,20
15,0.001,0.0009,10,-2.4875431807136306e-06,6.6469122792346425e-06,-0.01,0.01,5.476336186579973e-07,2.2635052893098524e-07,2.2635052893098524e-07,2.434409029732418e-07,-1.5707963267948966,1.5707963267948966,2,5,20
16,0.001,0.0009,10,-5.941751814835752e-06,4.468974040901028e-06,-0.01,0.01,1.9549784054496877e-07,1.7244212861478434e-07,1.7244212861478434e-07,5.408036128745605e-07,-1.5707963267948966,1.5707963267948966,2,5,20
17,0.001,0.0009,10,-7.833318516309635e-06,4.26131133664901e-06,-0.01,0.01,4.131856274115216e-07,8.226950329735232e-07,8.226950329735232e-07,2.3208163306584186e-06,-1.5707963267948966,1.5707963267948966,2,5,20
18,0.001,0.0009,10,-2.3082758192773555e-06,2.7479526055991785e-07,-0.01,0.01,2.4295778598489324e-07,-2.2189659298760216e-07,-2.2189659298760216e-07,5.320263767956403e-07,-1.5707963267948966,1.5707963267948966,2,5,20
0,0.001,0.0009,10,1.2440214690056782e-06,-1.7456533235495457e-06,-0.01,0.01,2.0660579073872766e-07,-6.592250688454925e-08,-6.592250688454925e-08,2.483884097946527e-07,-1.5707963267948966,1.5707963267948966,2,5,20
1,0.001,0.0009,10,-7.985348501688383e-06,1.585386781616716e-06,-0.01,0.01,2.6862498645072287e-07,8.610250104347851e-08,8.610250104347851e-08,2.1296478799881519e-07,-1.5707963267948966,1.5707963267948966,2,5,20
2,0.001,0.0009,10,-3.131882518525095e-06,4.770836062124221e-06,-0.01,0.01,4.1972630091951894e-07,1.591558767397934e-07,1.591558767397934e-07,2.178625221698738e-07,-1.5707963267948966,1.5707963267948966,2,5,20
3,0.001,0.0009,10,-4.609559145494862e-06,-1.702073835196394e-06,-0.01,0.01,1.4818555731643725e-07,-1.6803243994935017e-07,-1.6803243994935017e-07,9.638616478778326e-07,-1.5707963267948966,1.5707963267948966,2,5,20
4,0.001,0.0009,10,-6.367313981134039e-06,3.49598466555659e-07,-0.01,0.01,1.5011244476736615e-07,1.4118971064640527e-07,1.4118971064640527e-07,7.528322069034332e-07,-1.5707963267948966,1.5707963267948966,2,5,20
5,0.001,0.0009,10,-3.812815611029249e-06,1.90939404971948e-06,-0.01,0.01,2.135261932058586e-07,1.0301940563699795e-07,1.0301940563699795e-07,2.965503499076753e-07,-1.5707963267948966,1.5707963267948966,2,5,20
6,0.001,0.0009,10,-5.749747770783883e-06,6.195606868081471e-06,-0.01,0.01,1.1756534670335454e-06,1.2596824910697772e-06,1.2596824910697772e-06,1.5937232949376308e-06,-1.5707963267948966,1.5707963267948966,2,5,20
7,0.001,0.0009,10,-5.975682467012852e-06,1.193900292576643e-06,-0.01,0.01,1.3320652973871177e-07,-5.504441673315603e-09,-5.504441673315603e-09,4.568337459622766e-07,-1.5707963267948966,1.5707963267948966,2,5,20
8,0.001,0.0009,10,-7.081489085927981e-06,6.687524361476066e-07,-0.01,0.01,2.108995404618294e-07,4.20943675658639e-07,4.20943675658639e-07,1.8449841543802539e-06,-1.5707963267948966,1.5707963267948966,2,5,20
9,0.001,0.0009,10,-4.8887500919109865e-06,5.426751691529152e-06,-0.01,0.01,7.17351237246857e-07,8.995779471311098e-07,8.995779471311098e-07,1.4390650284206604e-06,-1.5707963267948966,1.5707963267948966,2,5,20
10,0.001,0.0009,10,-5.4364045659362144e-08,6.770749278663776e-06,-0.01,0.01,2.5644897530186114e-07,9.180387207599821e-08,9.180387207599821e-08,2.2869805651179355e-07,-1.5707963267948966,1.5707963267948966,2,5,20
11,0.001,0.0009,10,-5.277188182774233e-06,3.8001561563797412e-06,-0.01,0.01,1.2006104161530072e-07,1.0821421697872457e-07,1.0821421697872457e-07,1.4136965474574073e-06,-1.5707963267948966,1.5707963267948966,2,5,20
12,0.001,0.0009,10,-4.834433854190538e-07,4.4960609144363326e-07,-0.01,0.01,2.5341182997655017e-07,-1.9550477320148823e-07,-1.9550477320148823e-07,4.29084053687657e-07,-1.5707963267948966,1.5707963267948966,2,5,20
13,0.001,0.0009,10,-5.005843171974773e-06,3.6968807368121955e-08,-0.01,0.01,1.3843519079000903e-07,2.1024876823065467e-07,2.1024876823065467e-07,1.6512066862324803e-06,-1.5707963267948966,1.5707963267948966,2,5,20
14,0.001,0.0009,10,-3.0134860442681908e-06,4.096347992440632e-06,-0.01,0.01,3.3415992742034843e-07,1.3609984656329666e-07,1.3609984656329666e-07,2.3037917743474446e-07,-1.5707963267948966,1.5707963267948966,2,5,20
15,0.001,0.0009,10,-2.2077850136919705e-06,6.131370415460284e-06,-0.01,0.01,3.4931724145131356e-07,1.3875051527161304e-07,1.3875051527161304e-07,2.2559957672533126e-07,-1.5707963267948966,1.5707963267948966,2,5,20
16,0.001,0.0009,10,-5.823759295915326e-06,3.884295106588797e-06,-0.01,0.01,1.663974622026804e-07,1.2824736288392474e-07,1.2824736288392474e-07,5.314535748711329e-07,-1.5707963267948966,1.5707963267948966,2,5,20
17,0.001,0.0009,10,-7.287634021746182e-06,3.4978717285761933e-06,-0.01,0.01,1.8969578011940092e-07,2.445646803604227e-07,2.445646803604227e-07,9.169287138667747e-07,-1.5707963267948966,1.5707963267948966,2,5,20
18,0.001,0.0009,10,-3.046361608193797e-06,3.1214560352097385e-07,-0.01,0.01,1.8967526631409408e-07,-1.4507622394749676e-07,-1.4507622394749676e-07,4.696734371969011e-07,-1.5707963267948966,1.5707963267948966,2,5,20
