calib_id,sigma_range,sigma_encoder,window_size,est_cj_x,est_cj_y,cj_x,cj_y,cov_00,cov_01,cov_10,cov_11,movement_name
0,0.001,0.0009,15,-0.019534139938948807,0.0008414441123651354,-0.02,0.0,4.725721098094983e-07,4.6087838923724055e-07,4.6087838923724055e-07,6.063659815220986e-07,-75 to -15 deg
1,0.001,0.0009,15,0.000168703845231999,0.019557245537989112,0.0,0.019,4.493841517402483e-07,7.074877493259667e-07,7.074877493259667e-07,1.400468317651018e-06,-75 to -15 deg
2,0.001,0.0009,15,-0.019010090745076064,-0.019437291258339456,-0.02,-0.019,7.943683348335585e-07,8.548003285891786e-07,8.548003285891786e-07,1.0821792628050203e-06,-75 to -15 deg
3,0.001,0.0009,15,-0.050997715764901294,0.009771252482208066,-0.05,0.01,4.480424877938456e-07,3.260365347273156e-07,3.260365347273156e-07,3.617219023689463e-07,-75 to -15 deg
0,0.001,0.0009,15,-0.01951981720688246,0.0007874252379294732,-0.02,0.0,5.330783141252546e-07,4.933899103135953e-07,4.933899103135953e-07,6.031310966605199e-07,-75 to -15 deg
1,0.001,0.0009,15,0.00043820999746903066,0.01988823788230301,0.0,0.019,3.99579235012581e-07,5.695442444589948e-07,5.695442444589948e-07,1.0676216389580386e-06,-75 to -15 deg
2,0.001,0.0009,15,-0.019232381197880774,-0.019798121118969465,-0.02,-0.019,7.097044409899239e-07,7.774578390696195e-07,7.774578390696195e-07,1.0191195285721784e-06,-75 to -15 deg
3,0.001,0.0009,15,-0.050614774990137924,0.010970187077921807,-0.05,0.01,4.512068571841462e-07,3.377421198034946e-07,3.377421198034946e-07,3.795306390689332e-07,-75 to -15 deg
0,0.001,0.0009,15,-0.01958023952312461,0.0005467506153803645,-0.02,0.0,4.986020918635481e-07,4.931296171973646e-07,4.931296171973646e-07,6.453749437602909e-07,-75 to -15 deg
1,0.001,0.0009,15,-0.00010398562397036091,0.019183229890566537,0.0,0.019,3.812231794246217e-07,5.359552034993778e-07,5.359552034993778e-07,1.0069732912532028e-06,-75 to -15 deg
2,0.001,0.0009,15,-0.018727462648905124,-0.020045591944450134,-0.02,-0.019,8.290590567667184e-07,9.153973866080982e-07,9.153973866080982e-07,1.1770460644401394e-06,-75 to -15 deg
3,0.001,0.0009,15,-0.050914274749309846,0.010313778900706269,-0.05,0.01,3.9214382164592663e-07,2.7332945872725515e-07,2.7332945872725515e-07,3.145457442844059e-07,-75 to -15 deg
0,0.001,0.0009,15,-0.019474815213186975,0.0005915593407702885,-0.02,0.0,5.280558575066707e-07,5.066184554313507e-07,5.066184554313507e-07,6.377657405481802e-07,-75 to -15 deg
1,0.001,0.0009,15,0.000215610896490098,0.019600431015751384,0.0,0.019,3.4583821518584836e-07,4.859821223379202e-07,4.859821223379202e-07,9.422250035176293e-07,-75 to -15 deg
2,0.001,0.0009,15,-0.018703248798010372,-0.0197640137537066,-0.02,-0.019,8.751398125390009e-07,9.767663615075205e-07,9.767663615075205e-07,1.2577042172738076e-06,-75 to -15 deg
3,0.001,0.0009,15,-0.05044530215493615,0.010642094646093564,-0.05,0.01,3.9878088015059107e-07,2.960330563930736e-07,2.960330563930736e-07,3.4873435613463313e-07,-75 to -15 deg
0,0.001,0.0009,15,-0.018854506615140508,0.0010620821923352905,-0.02,0.0,5.466803658994358e-07,5.293350819951012e-07,5.293350819951012e-07,6.648575044952063e-07,-75 to -15 deg
1,0.001,0.0009,15,0.000308255130917588,0.019948292835289372,0.0,0.019,3.4753420082149165e-07,4.965440294753004e-07,4.965440294753004e-07,9.74323333842196e-07,-75 to -15 deg
2,0.001,0.0009,15,-0.019082102046021576,-0.019805629270574516,-0.02,-0.019,8.486196010826045e-07,8.51665867055487e-07,8.51665867055487e-07,1.0048096582516444e-06,-75 to -15 deg
3,0.001,0.0009,15,-0.04955357226482403,0.012727826031745207,-0.05,0.01,4.251296275752701e-07,3.047631625701549e-07,3.047631625701549e-07,3.4271269654555043e-07,-75 to -15 deg
0,0.001,0.0009,15,-0.018726522970248845,0.001291729202089248,-0.02,0.0,6.110975709180745e-07,6.248717283589408e-07,6.248717283589408e-07,7.973733978756882e-07,-75 to -15 deg
1,0.001,0.0009,15,0.00012961377146362822,0.019426000928056224,0.0,0.019,3.693920275287908e-07,5.648042088342246e-07,5.648042088342246e-07,1.1498450247196056e-06,-75 to -15 deg
2,0.001,0.0009,15,-0.019291699862052283,-0.02026241706678769,-0.02,-0.019,8.747281264037165e-07,8.994884825654781e-07,8.994884825654781e-07,1.078413915784486e-06,-75 to -15 deg
3,0.001,0.0009,15,-0.049066209781339444,0.012641994495018445,-0.05,0.01,4.1815976500543713e-07,3.1677173243313986e-07,3.1677173243313986e-07,3.695246601704102e-07,-75 to -15 deg
0,0.001,0.0009,15,-0.018704660683451443,0.0013251342800072734,-0.02,0.0,6.482756962927076e-07,6.421204924703209e-07,6.421204924703209e-07,7.883474937498142e-07,-75 to -15 deg
1,0.001,0.0009,15,3.8607079844035034e-05,0.01913601999739202,0.0,0.019,4.0144223174333427e-07,6.533144629548507e-07,6.533144629548507e-07,1.3702931489798024e-06,-75 to -15 deg
2,0.001,0.0009,15,-0.01871794856925819,-0.01996901227801648,-0.02,-0.019,9.80227485682142e-07,1.1252287481980682e-06,1.1252287481980682e-06,1.4630109934540014e-06,-75 to -15 deg
3,0.001,0.0009,15,-0.04865000473442595,0.010178796308106643,-0.05,0.01,4.784880821924518e-07,3.3735847819599885e-07,3.3735847819599885e-07,3.582037477095258e-07,-75 to -15 deg
0,0.001,0.0009,15,-0.01828157295844652,0.0015297932314920816,-0.02,0.0,6.190518633834796e-07,6.211832324515483e-07,6.211832324515483e-07,7.785127637171961e-07,-75 to -15 deg
1,0.001,0.0009,15,0.00012231088485347596,0.01919167279315016,0.0,0.019,4.035626936046359e-07,6.437683816881633e-07,6.437683816881633e-07,1.3250255275640955e-06,-75 to -15 deg
2,0.001,0.0009,15,-0.0187467734603991,-0.01965611832714885,-0.02,-0.019,9.571716304312917e-07,1.08626077678665e-06,1.08626077678665e-06,1.4021799761323098e-06,-75 to -15 deg
3,0.001,0.0009,15,-0.047903379695524585,0.010362309162349788,-0.05,0.01,4.802537301597226e-07,3.477876289831345e-07,3.477876289831345e-07,3.7431426739062247e-07,-75 to -15 deg
0,0.001,0.0009,15,-0.018443497111420255,0.0014455547056553527,-0.02,0.0,5.393495577728269e-07,4.828780259505816e-07,4.828780259505816e-07,5.742529549405598e-07,-75 to -15 deg
1,0.001,0.0009,15,0.00018374978300649024,0.019484360340119026,0.0,0.019,3.837386495990062e-07,6.465535701704256e-07,6.465535701704256e-07,1.4156414819654607e-06,-75 to -15 deg
2,0.001,0.0009,15,-0.01863113050891032,-0.019518233128037063,-0.02,-0.019,1.1791968432341927e-06,1.277533164432281e-06,1.277533164432281e-06,1.5426947533758122e-06,-75 to -15 deg
3,0.001,0.0009,15,-0.04842135078410759,0.010240940132570086,-0.05,0.01,4.640392554407157e-07,3.2455180259543674e-07,3.2455180259543674e-07,3.473471731153609e-07,-75 to -15 deg
0,0.001,0.0009,15,-0.018659317325772543,0.0011650038180404992,-0.02,0.0,5.09992813947883e-07,4.815631628801723e-07,4.815631628801723e-07,6.049872954991093e-07,-75 to -15 deg
1,0.001,0.0009,15,0.0004438702424507885,0.01990209083615106,0.0,0.019,4.085963988964635e-07,6.788592808362856e-07,6.788592808362856e-07,1.4434866131930823e-06,-75 to -15 deg
2,0.001,0.0009,15,-0.018728688296799377,-0.01965959686084813,-0.02,-0.019,1.1752168473322614e-06,1.3044390185066316e-06,1.3044390185066316e-06,1.6107952670117274e-06,-75 to -15 deg
3,0.001,0.0009,15,-0.04841766600646504,0.009775487936894948,-0.05,0.01,4.738312821392122e-07,3.260834708603373e-07,3.260834708603373e-07,3.431148948602572e-07,-75 to -15 deg
0,0.001,0.0009,15,-0.020047824101320135,-0.0002566322816247289,-0.02,0.0,7.6176243981523e-08,3.767194949149535e-08,3.767194949149535e-08,8.856209789958272e-07,-30 to 30 deg
1,0.001,0.0009,15,2.0574574747552051e-07,0.02008160721536129,0.0,0.019,7.751007295025764e-08,-8.133517771662456e-08,-8.133517771662456e-08,1.4038443260217987e-06,-30 to 30 deg
2,0.001,0.0009,15,-0.019283805365438333,-0.018890115906863788,-0.02,-0.019,1.2733190507052073e-07,2.819901609186685e-07,2.819901609186685e-07,1.5119908210204719e-06,-30 to 30 deg
3,0.001,0.0009,15,-0.046159722286174494,0.021840910229323367,-0.05,0.01,7.624936764471077e-08,-6.58212774086051e-08,-6.58212774086051e-08,1.3535934526065097e-06,-30 to 30 deg
0,0.001,0.0009,15,-0.020058834125633626,-0.0002692703991724515,-0.02,0.0,7.287237340005589e-08,3.277895324593665e-08,3.277895324593665e-08,1.4453468132848841e-06,-30 to 30 deg
1,0.001,0.0009,15,0.00023537444583445258,0.01946301890061767,0.0,0.019,8.370081871557286e-08,-1.5232700087097244e-07,-1.5232700087097244e-07,1.964705977673214e-06,-30 to 30 deg
2,0.001,0.0009,15,-0.01821735958316949,-0.013810730465533615,-0.02,-0.019,1.0143237222923257e-07,1.6267522345892725e-07,1.6267522345892725e-07,1.024486517230893e-06,-30 to 30 deg
3,0.001,0.0009,15,-0.0473431190475474,0.007621586612350903,-0.05,0.01,7.35782247268241e-08,1.453266119220216e-09,1.453266119220216e-09,1.0413482874025435e-06,-30 to 30 deg
0,0.001,0.0009,15,-0.01995170498891161,-0.0003993555844096144,-0.02,0.0,7.262251115510101e-08,-8.458503666003337e-09,-8.458503666003337e-09,1.2788695680645004e-06,-30 to 30 deg
1,0.001,0.0009,15,0.0005472927783251743,0.01886515000326553,0.0,0.019,9.629438298764273e-08,-2.149860139173615e-07,-2.149860139173615e-07,1.929203084116463e-06,-30 to 30 deg
2,0.001,0.0009,15,-0.01936609086444459,-0.01819219620059027,-0.02,-0.019,9.354095466241363e-08,1.6031931192484135e-07,1.6031931192484135e-07,1.3064730977743595e-06,-30 to 30 deg
3,0.001,0.0009,15,-0.04933291991041723,0.0009363743097487334,-0.05,0.01,7.975033725892183e-08,-9.659488350070641e-08,-9.659488350070641e-08,1.336763510485384e-06,-30 to 30 deg
0,0.001,0.0009,15,-0.01998485859786436,-0.0005925285281576334,-0.02,0.0,7.292628329533775e-08,-1.3598245599184932e-08,-1.3598245599184932e-08,1.219255545166767e-06,-30 to 30 deg
1,0.001,0.0009,15,0.0006160882477029537,0.018480029683318584,0.0,0.019,9.225069070618721e-08,-1.9700742238641456e-07,-1.9700742238641456e-07,1.9339639820221656e-06,-30 to 30 deg
2,0.001,0.0009,15,-0.019547442130422456,-0.018501427951416693,-0.02,-0.019,1.2476769490728412e-07,2.6229112026221894e-07,2.6229112026221894e-07,1.3858698380021917e-06,-30 to 30 deg
3,0.001,0.0009,15,-0.04930612286437102,-0.00669707886950291,-0.05,0.01,7.402135785638681e-08,-1.0900526478411503e-08,-1.0900526478411503e-08,9.79611536303009e-07,-30 to 30 deg
0,0.001,0.0009,15,-0.019991996008733946,-0.0007979270980984887,-0.02,0.0,7.349058436444492e-08,5.310979916993314e-09,5.310979916993314e-09,1.0521815736968938e-06,-30 to 30 deg
1,0.001,0.0009,15,0.0004882804482744881,0.01856084472149825,0.0,0.019,9.814893011881646e-08,-2.337128580960771e-07,-2.337128580960771e-07,2.097970321195814e-06,-30 to 30 deg
2,0.001,0.0009,15,-0.01920025142698436,-0.017457295575065916,-0.02,-0.019,1.0302368189681715e-07,1.8562043192661693e-07,1.8562043192661693e-07,1.2180405712595397e-06,-30 to 30 deg
3,0.001,0.0009,15,-0.048851983925726435,0.002005173772998912,-0.05,0.01,8.244700152330445e-08,-1.2269943626291958e-07,-1.2269943626291958e-07,1.5051525129336286e-06,-30 to 30 deg
0,0.001,0.0009,15,-0.019939051693060837,-0.0010934743388244478,-0.02,0.0,7.301988942431406e-08,-8.615907018962724e-09,-8.615907018962724e-09,1.1693280533320797e-06,-30 to 30 deg
1,0.001,0.0009,15,0.00048513364771165005,0.018197142065869195,0.0,0.019,9.40583670400289e-08,-2.1368585902791873e-07,-2.1368585902791873e-07,2.0715161390129145e-06,-30 to 30 deg
2,0.001,0.0009,15,-0.01915729842221726,-0.017234081363239465,-0.02,-0.019,1.1129009690359303e-07,2.3287717681690743e-07,2.3287717681690743e-07,1.4606370766272716e-06,-30 to 30 deg
3,0.001,0.0009,15,-0.047697457587032144,0.0030383092305420194,-0.05,0.01,7.492235197092049e-08,-4.314710623772532e-08,-4.314710623772532e-08,1.1233961594957792e-06,-30 to 30 deg
0,0.001,0.0009,15,-0.01996354402807371,-0.000848975022935965,-0.02,0.0,7.482025911112768e-08,-4.423076249856316e-08,-4.423076249856316e-08,1.1531994480410148e-06,-30 to 30 deg
1,0.001,0.0009,15,0.0005359216474966399,0.018049070935300185,0.0,0.019,8.695415297768511e-08,-1.8103799175931226e-07,-1.8103799175931226e-07,2.147485731924116e-06,-30 to 30 deg
2,0.001,0.0009,15,-0.019509261646295392,-0.017525385663143347,-0.02,-0.019,1.0485693057068454e-07,2.1488064497590984e-07,2.1488064497590984e-07,1.4864302725577456e-06,-30 to 30 deg
3,0.001,0.0009,15,-0.04906545311259458,0.007744372888964329,-0.05,0.01,8.013239503060087e-08,-8.144191824781069e-08,-8.144191824781069e-08,1.0669904068313927e-06,-30 to 30 deg
0,0.001,0.0009,15,-0.02005397134837119,-0.0008976508350959597,-0.02,0.0,7.358936901831354e-08,-2.5890643883293004e-08,-2.5890643883293004e-08,1.1630675295523392e-06,-30 to 30 deg
1,0.001,0.0009,15,0.0005547608394208279,0.017880725420994198,0.0,0.019,8.906498237673127e-08,-1.9590268764767697e-07,-1.9590268764767697e-07,2.2067436873180504e-06,-30 to 30 deg
2,0.001,0.0009,15,-0.019415161663605438,-0.017648468165386542,-0.02,-0.019,1.10073206360571e-07,2.387099593426322e-07,2.387099593426322e-07,1.5696449061683351e-06,-30 to 30 deg
3,0.001,0.0009,15,-0.04848984345987786,0.003693095168300585,-0.05,0.01,7.528508721175204e-08,-6.557262703409891e-08,-6.557262703409891e-08,1.4360873745260975e-06,-30 to 30 deg
0,0.001,0.0009,15,-0.020002033257555327,-0.0008017922114521209,-0.02,0.0,7.458696463118191e-08,-4.6755010057546235e-08,-4.6755010057546235e-08,1.2347182419360957e-06,-30 to 30 deg
1,0.001,0.0009,15,0.0004510333967135009,0.018219128021117813,0.0,0.019,9.991241055788371e-08,-2.72550233659741e-07,-2.72550233659741e-07,2.616450287625323e-06,-30 to 30 deg
2,0.001,0.0009,15,-0.01946361291948568,-0.01810103549292295,-0.02,-0.019,1.4383098409014025e-07,3.681491970092333e-07,3.681491970092333e-07,1.9421613147646013e-06,-30 to 30 deg
3,0.001,0.0009,15,-0.04736246754690647,0.009203982725618981,-0.05,0.01,7.365613511913249e-08,2.355646981266229e-09,2.355646981266229e-09,1.033829248830033e-06,-30 to 30 deg
0,0.001,0.0009,15,-0.020143067204341537,-0.0005152258147175817,-0.02,0.0,7.828473923673526e-08,-8.03539447407697e-08,-8.03539447407697e-08,1.2304492186482912e-06,-30 to 30 deg
1,0.001,0.0009,15,0.00047052370939622637,0.01928469106782127,0.0,0.019,1.0401710325747722e-07,-2.680628191526191e-07,-2.680628191526191e-07,2.2506947471370364e-06,-30 to 30 deg
2,0.001,0.0009,15,-0.01951856002849173,-0.017761786167034593,-0.02,-0.019,9.869569528422081e-08,2.0791844684955316e-07,2.0791844684955316e-07,1.681757080035192e-06,-30 to 30 deg
3,0.001,0.0009,15,-0.05041861265360589,0.0062904792962000826,-0.05,0.01,7.621494075719563e-08,2.654264471747978e-08,2.654264471747978e-08,7.910693372940906e-07,-30 to 30 deg
0,0.001,0.0009,15,-0.0201449101463839,-0.004237156037539193,-0.02,0.0,7.699177902044322e-08,2.307631217766029e-07,2.307631217766029e-07,7.045070499709542e-06,-15 to 15 deg
1,0.001,0.0009,15,-0.0005114864676635698,0.020091020601318035,0.0,0.019,2.8870355395498365e-07,-1.3025115287999304e-06,-1.3025115287999304e-06,7.808825115626944e-06,-15 to 15 deg
2,0.001,0.0009,15,-0.018729840049107147,-0.011465524242499112,-0.02,-0.019,1.1429109814194812e-07,2.911910178107797e-07,2.911910178107797e-07,2.034354448122475e-06,-15 to 15 deg
3,0.001,0.0009,15,-0.04556763129993933,0.019364441021967195,-0.05,0.01,1.673358948422186e-07,-6.361511710889091e-07,-6.361511710889091e-07,4.2394085553457015e-06,-15 to 15 deg
0,0.001,0.0009,15,-0.020019199663645123,-0.003427383974558505,-0.02,0.0,8.07017333477495e-08,2.956318563310666e-07,2.956318563310666e-07,7.72862766569302e-06,-15 to 15 deg
1,0.001,0.0009,15,-0.000659628193579571,0.020503163303947258,0.0,0.019,2.6423109553596204e-07,-1.1991052923401422e-06,-1.1991052923401422e-06,7.454965044518055e-06,-15 to 15 deg
2,0.001,0.0009,15,-0.0193329195566826,-0.011072829015942885,-0.02,-0.019,8.661579027118885e-08,1.5230716742942803e-07,1.5230716742942803e-07,1.6315834601708378e-06,-15 to 15 deg
3,0.001,0.0009,15,-0.04900172711391018,0.031025190687866678,-0.05,0.01,2.1390321562250444e-07,-6.240137796699331e-07,-6.240137796699331e-07,2.8074909267780478e-06,-15 to 15 deg
0,0.001,0.0009,15,-0.020047699135630065,-0.00348353694782982,-0.02,0.0,8.033099177057269e-08,2.8958293387390965e-07,2.8958293387390965e-07,7.668820842068458e-06,-15 to 15 deg
1,0.001,0.0009,15,-0.000595700088336446,0.020760687063050554,0.0,0.019,2.107361283989997e-07,-9.229435590210057e-07,-9.229435590210057e-07,6.1095553323266024e-06,-15 to 15 deg
2,0.001,0.0009,15,-0.01916483111117743,-0.01675891087646287,-0.02,-0.019,8.161129616917039e-08,2.0049575776164797e-07,2.0049575776164797e-07,3.6080831536715447e-06,-15 to 15 deg
3,0.001,0.0009,15,-0.05114258196485925,0.022939219078522973,-0.05,0.01,2.1201585368131744e-07,-6.967499824424413e-07,-6.967499824424413e-07,3.5067338962293998e-06,-15 to 15 deg
0,0.001,0.0009,15,-0.019969405461651553,-0.0014557011745554536,-0.02,0.0,7.882373568544442e-08,2.737463194875995e-07,2.737463194875995e-07,7.911707867856024e-06,-15 to 15 deg
1,0.001,0.0009,15,-0.000753671317292513,0.021544203656959072,0.0,0.019,2.1389864933501236e-07,-9.820395233419324e-07,-9.820395233419324e-07,6.755978214058894e-06,-15 to 15 deg
2,0.001,0.0009,15,-0.019428738837846342,-0.013927974761759802,-0.02,-0.019,8.535977475476371e-08,2.3212490468740466e-07,2.3212490468740466e-07,3.6170205743371603e-06,-15 to 15 deg
3,0.001,0.0009,15,-0.05058278181548778,0.024985972754996793,-0.05,0.01,4.791739412628672e-07,-1.971987610873291e-06,-1.971987610873291e-06,9.573921262380406e-06,-15 to 15 deg
0,0.001,0.0009,15,-0.0199905978506096,-0.00262593022758261,-0.02,0.0,7.887855061629615e-08,3.106817348231354e-07,3.106817348231354e-07,9.987916419094516e-06,-15 to 15 deg
1,0.001,0.0009,15,-0.0007815890869305424,0.021832064494960036,0.0,0.019,2.1912877691496609e-07,-9.658527076767327e-07,-9.658527076767327e-07,6.3131530526908565e-06,-15 to 15 deg
2,0.001,0.0009,15,-0.020238344591470208,-0.01649457237846027,-0.02,-0.019,1.2600994797061865e-07,4.70105107518248e-07,4.70105107518248e-07,4.021663057500817e-06,-15 to 15 deg
3,0.001,0.0009,15,-0.05439249576487408,0.04969108049184978,-0.05,0.01,9.505135439574363e-07,-1.8589515509967893e-06,-1.8589515509967893e-06,4.0103097856070674e-06,-15 to 15 deg
0,0.001,0.0009,15,-0.020115665947879138,-0.003572809115746391,-0.02,0.0,9.32416408615907e-08,5.114101143360504e-07,5.114101143360504e-07,1.0907569069344035e-05,-15 to 15 deg
1,0.001,0.0009,15,-0.0008236014451779215,0.02221482350816567,0.0,0.019,1.9841394884671678e-07,-8.746604721551725e-07,-8.746604721551725e-07,6.016889463064395e-06,-15 to 15 deg
2,0.001,0.0009,15,-0.019925885300915568,-0.016472070470255493,-0.02,-0.019,2.0534442200489134e-07,8.36161168225265e-07,8.36161168225265e-07,5.227423319454296e-06,-15 to 15 deg
3,0.001,0.0009,15,-0.051301521132834545,0.04502101093931103,-0.05,0.01,4.947694978754533e-07,-1.9010240780169798e-06,-1.9010240780169798e-06,8.613419337086226e-06,-15 to 15 deg
0,0.001,0.0009,15,-0.019884778000896178,-0.0012036174998304435,-0.02,0.0,7.453864983584012e-08,2.2624783155978737e-07,2.2624783155978737e-07,9.590584019882503e-06,-15 to 15 deg
1,0.001,0.0009,15,-0.0007883947102263935,0.022176285430448864,0.0,0.019,1.883993279727036e-07,-8.237316346661346e-07,-8.237316346661346e-07,5.791447747241432e-06,-15 to 15 deg
2,0.001,0.0009,15,-0.020631508097105455,-0.020765459294095383,-0.02,-0.019,1.5445049441743285e-07,6.044224335194437e-07,6.044224335194437e-07,4.402717523211724e-06,-15 to 15 deg
3,0.001,0.0009,15,-0.044970722026282994,0.03351078324518858,-0.05,0.01,2.057785404247687e-07,-9.071982338649307e-07,-9.071982338649307e-07,6.165564351395089e-06,-15 to 15 deg
0,0.001,0.0009,15,-0.020032081944565794,-0.0021333193976152778,-0.02,0.0,7.242125584201672e-08,1.6451265689824134e-07,1.6451265689824134e-07,8.541811532475177e-06,-15 to 15 deg
1,0.001,0.0009,15,-0.0008517852465773853,0.022055003218852714,0.0,0.019,2.1889230562245603e-07,-9.325964209056151e-07,-9.325964209056151e-07,5.9020027474023655e-06,-15 to 15 deg
2,0.001,0.0009,15,-0.020407811345168895,-0.017718864284529866,-0.02,-0.019,1.5345760277872327e-07,5.542770924109011e-07,5.542770924109011e-07,3.7597943489620247e-06,-15 to 15 deg
3,0.001,0.0009,15,-0.04644352873722875,0.02930693460363412,-0.05,0.01,2.5561610674453647e-07,-1.3045260991632382e-06,-1.3045260991632382e-06,9.248747808493973e-06,-15 to 15 deg
0,0.001,0.0009,15,-0.02005676246313554,-0.0014395507832993223,-0.02,0.0,7.782061086097434e-08,2.70142104751168e-07,2.70142104751168e-07,8.557158395391429e-06,-15 to 15 deg
1,0.001,0.0009,15,-0.0004895548082908558,0.020708772947021316,0.0,0.019,1.7140174010509614e-07,-7.624525003127335e-07,-7.624525003127335e-07,5.78964255922908e-06,-15 to 15 deg
2,0.001,0.0009,15,-0.02036665474231741,-0.017073863006906442,-0.02,-0.019,1.3312244306572326e-07,4.246832496802954e-07,4.246832496802954e-07,2.950578399033787e-06,-15 to 15 deg
3,0.001,0.0009,15,-0.04538595475822178,0.004738730273233816,-0.05,0.01,7.274427216412638e-08,4.068004831919761e-08,4.068004831919761e-08,1.6386936517772809e-06,-15 to 15 deg
0,0.001,0.0009,15,-0.020201246168067382,-0.002567702602028656,-0.02,0.0,8.727135583068822e-08,3.9088949954621005e-07,3.9088949954621005e-07,8.536944745356798e-06,-15 to 15 deg
1,0.001,0.0009,15,-0.0006254562489374908,0.022504864446924334,0.0,0.019,1.637897031354127e-07,-7.633426299215151e-07,-7.633426299215151e-07,6.268365161709941e-06,-15 to 15 deg
2,0.001,0.0009,15,-0.02020672627197953,-0.015578097943881907,-0.02,-0.019,1.7925543018371702e-07,6.704067587918873e-07,6.704067587918873e-07,4.182261135842098e-06,-15 to 15 deg
3,0.001,0.0009,15,-0.04576935993588295,0.03252788465377701,-0.05,0.01,1.0098868293022515e-07,-2.2973797705265761e-07,-2.2973797705265761e-07,1.91911090249494e-06,-15 to 15 deg
0,0.001,0.0009,15,-0.019659674403854698,-0.00018642655615631074,-0.02,0.0,2.990687084888588e-07,1.7058199031961235e-07,1.7058199031961235e-07,2.155347292735234e-07,-90 to 0 deg
1,0.001,0.0009,15,-0.00015090153553555313,0.018992310238111165,0.0,0.019,2.9764666747816476e-07,3.194093003590812e-07,3.194093003590812e-07,5.382132323324764e-07,-90 to 0 deg
2,0.001,0.0009,15,-0.02107669708117224,-0.019760390596179372,-0.02,-0.019,5.240034341403856e-07,3.709428078579269e-07,3.709428078579269e-07,3.812783969243242e-07,-90 to 0 deg
3,0.001,0.0009,15,-0.047328722676714084,0.023411622695409286,-0.05,0.01,2.0634396691377633e-07,8.921173086775064e-08,8.921173086775064e-08,1.608774263760518e-07,-90 to 0 deg
0,0.001,0.0009,15,-0.020131641684588628,-0.00040291955068398735,-0.02,0.0,3.189454562341215e-07,1.8445793025685327e-07,1.8445793025685327e-07,2.235504641119255e-07,-90 to 0 deg
1,0.001,0.0009,15,-0.00043753872431889394,0.018718026737470046,0.0,0.019,3.7341928318554904e-07,3.9319266651686747e-07,3.9319266651686747e-07,5.945130876929974e-07,-90 to 0 deg
2,0.001,0.0009,15,-0.02118490287345035,-0.019631927144024012,-0.02,-0.019,5.230473080263906e-07,3.783487791105465e-07,3.783487791105465e-07,3.9415444756504753e-07,-90 to 0 deg
3,0.001,0.0009,15,-0.04690638350057536,0.02471945701206097,-0.05,0.01,2.0616422819318042e-07,9.518025206022838e-08,9.518025206022838e-08,1.6900452314025464e-07,-90 to 0 deg
0,0.001,0.0009,15,-0.02009806108373557,-0.00013803479024843436,-0.02,0.0,3.253520697681984e-07,2.1295260527629604e-07,2.1295260527629604e-07,2.6380815201014597e-07,-90 to 0 deg
1,0.001,0.0009,15,-0.0005919057452172891,0.018359691442615768,0.0,0.019,3.6403180404320296e-07,3.7167749635836887e-07,3.7167749635836887e-07,5.55278652396786e-07,-90 to 0 deg
2,0.001,0.0009,15,-0.02129504416653753,-0.019664877541489014,-0.02,-0.019,4.70961129413157e-07,3.4448729898472956e-07,3.4448729898472956e-07,3.7545840959751944e-07,-90 to 0 deg
3,0.001,0.0009,15,-0.04786157201625463,0.02421666595567229,-0.05,0.01,2.1506242459379585e-07,9.322583287490102e-08,9.322583287490102e-08,1.6039075875020222e-07,-90 to 0 deg
0,0.001,0.0009,15,-0.020285090888998172,-0.0002505632001823095,-0.02,0.0,3.143888743558235e-07,1.9057323116680002e-07,1.9057323116680002e-07,2.3575312961691657e-07,-90 to 0 deg
1,0.001,0.0009,15,-0.0011941053394304998,0.01787918327155648,0.0,0.019,3.279167538022293e-07,3.2870556034709486e-07,3.2870556034709486e-07,5.06456988915011e-07,-90 to 0 deg
2,0.001,0.0009,15,-0.020727711923909296,-0.019257960519777323,-0.02,-0.019,4.364960007893989e-07,3.4767367587217133e-07,3.4767367587217133e-07,4.1020892216411525e-07,-90 to 0 deg
3,0.001,0.0009,15,-0.04823602328430033,0.02453756824930016,-0.05,0.01,2.2170153473302648e-07,9.241133704377711e-08,9.241133704377711e-08,1.5543322938814083e-07,-90 to 0 deg
0,0.001,0.0009,15,-0.02060353113622218,-0.00038085045791970483,-0.02,0.0,2.993122615898282e-07,1.791763518675829e-07,1.791763518675829e-07,2.2838988473612168e-07,-90 to 0 deg
1,0.001,0.0009,15,-0.0008639369860955282,0.01784848808157189,0.0,0.019,3.083729303613874e-07,3.1882124677315835e-07,3.1882124677315835e-07,5.153798695669563e-07,-90 to 0 deg
2,0.001,0.0009,15,-0.021428514108106277,-0.019797120427931983,-0.02,-0.019,5.3237492706005e-07,4.1139064082501493e-07,4.1139064082501493e-07,4.439075183943365e-07,-90 to 0 deg
3,0.001,0.0009,15,-0.047978177448770795,0.025693816900134076,-0.05,0.01,2.0819644981625795e-07,9.099837286024052e-08,9.099837286024052e-08,1.61982715163035e-07,-90 to 0 deg
0,0.001,0.0009,15,-0.02034360803947349,-0.0003021282537193832,-0.02,0.0,2.578034167290308e-07,1.6822062211375262e-07,1.6822062211375262e-07,2.4330686324727716e-07,-90 to 0 deg
1,0.001,0.0009,15,-0.0008303827358430811,0.017589899123559963,0.0,0.019,2.8603700418636744e-07,3.2836819964267587e-07,3.2836819964267587e-07,5.897346558214909e-07,-90 to 0 deg
2,0.001,0.0009,15,-0.02125742851455325,-0.019991868227393565,-0.02,-0.019,5.168736894037152e-07,4.291613307259384e-07,4.291613307259384e-07,4.902394460930647e-07,-90 to 0 deg
3,0.001,0.0009,15,-0.0477281278673852,0.025413301222103165,-0.05,0.01,2.1695859058219452e-07,8.884637198568987e-08,8.884637198568987e-08,1.5385452923402034e-07,-90 to 0 deg
0,0.001,0.0009,15,-0.02035397501065156,-0.00031216544084926843,-0.02,0.0,2.6053259719984664e-07,1.651003177965488e-07,1.651003177965488e-07,2.3540305767754057e-07,-90 to 0 deg
1,0.001,0.0009,15,-0.0009402481774160958,0.017414805048029933,0.0,0.019,2.387590655664931e-07,2.691937175985736e-07,2.691937175985736e-07,5.258823675336678e-07,-90 to 0 deg
2,0.001,0.0009,15,-0.021149155301522705,-0.01971893132132276,-0.02,-0.019,5.85284783459134e-07,5.443899889427047e-07,5.443899889427047e-07,6.516093331278788e-07,-90 to 0 deg
3,0.001,0.0009,15,-0.04783100047457066,0.026439511933021166,-0.05,0.01,1.920006142127534e-07,8.951304181600742e-08,8.951304181600742e-08,1.7209085942833886e-07,-90 to 0 deg
0,0.001,0.0009,15,-0.020509253632730533,-0.0004978056162905339,-0.02,0.0,3.2554078921102523e-07,2.0407056599527328e-07,2.0407056599527328e-07,2.4923089268815706e-07,-90 to 0 deg
1,0.001,0.0009,15,-0.0012014402065966656,0.016759092337635867,0.0,0.019,2.598512625730714e-07,3.1124478523639823e-07,3.1124478523639823e-07,6.034078679378635e-07,-90 to 0 deg
2,0.001,0.0009,15,-0.020789760316993377,-0.019403137204250118,-0.02,-0.019,5.004642301724094e-07,4.200723041226581e-07,4.200723041226581e-07,4.8836615385343e-07,-90 to 0 deg
3,0.001,0.0009,15,-0.05252861917836448,0.023308585965897546,-0.05,0.01,2.504647790967489e-07,1.0029803400841055e-07,1.0029803400841055e-07,1.5014818089370544e-07,-90 to 0 deg
0,0.001,0.0009,15,-0.020104860358189,-0.0003134353221486627,-0.02,0.0,2.8413567477583986e-07,1.9562649340114892e-07,1.9562649340114892e-07,2.682582951137143e-07,-90 to 0 deg
1,0.001,0.0009,15,-0.001178008968002371,0.016742638199269393,0.0,0.019,2.536755602727774e-07,3.061603040689279e-07,3.061603040689279e-07,6.042338901401528e-07,-90 to 0 deg
2,0.001,0.0009,15,-0.02075440175154577,-0.019575219386743985,-0.02,-0.019,4.862710971072851e-07,4.1236631624632444e-07,4.1236631624632444e-07,4.872765387376754e-07,-90 to 0 deg
3,0.001,0.0009,15,-0.052516682685394424,0.02336894055623523,-0.05,0.01,2.5183277138953504e-07,9.092856768172082e-08,9.092856768172082e-08,1.3978446331063762e-07,-90 to 0 deg
0,0.001,0.0009,15,-0.019882496277970008,-0.0001552292474719654,-0.02,0.0,2.9095003024772897e-07,2.214938649757306e-07,2.214938649757306e-07,3.106907514927021e-07,-90 to 0 deg
1,0.001,0.0009,15,-0.001135474290008614,0.01684952587141657,0.0,0.019,2.6792937498037816e-07,3.233905797131334e-07,3.233905797131334e-07,6.205618831949421e-07,-90 to 0 deg
2,0.001,0.0009,15,-0.0207956598010201,-0.019480895657850283,-0.02,-0.019,4.74745619707423e-07,3.756371814078324e-07,3.756371814078324e-07,4.27854777782865e-07,-90 to 0 deg
3,0.001,0.0009,15,-0.05229703782545535,0.023589511262586054,-0.05,0.01,3.0993147022605156e-07,1.0449978088412149e-07,1.0449978088412149e-07,1.3370345563636998e-07,-90 to 0 deg
0,0.001,0.0009,15,-0.019882009058791325,0.0007929242799194793,-0.02,0.0,1.1271725853064297e-07,7.206149746352326e-08,7.206149746352326e-08,2.937280343666355e-07,-90 to 90 deg
1,0.001,0.0009,15,0.0001782454746223587,0.018689601991232985,0.0,0.019,9.840535541865876e-08,1.1190829317693454e-08,1.1190829317693454e-08,2.350218008128768e-07,-90 to 90 deg
2,0.001,0.0009,15,-0.020512028925546832,-0.018310331128971135,-0.02,-0.019,9.53942914405575e-08,1.4249051147862246e-08,1.4249051147862246e-08,2.5504696653014596e-07,-90 to 90 deg
3,0.001,0.0009,15,-0.049840769468412115,0.006212365483625016,-0.05,0.01,1.1081474541289034e-07,1.6916367529826704e-08,1.6916367529826704e-08,1.8777664909538448e-07,-90 to 90 deg
0,0.001,0.0009,15,-0.019895329668466345,0.0005525697364449924,-0.02,0.0,1.0278374195676936e-07,4.6029942135155175e-08,4.6029942135155175e-08,2.690972870623762e-07,-90 to 90 deg
1,0.001,0.0009,15,9.610750700327664e-05,0.018796448561245644,0.0,0.019,1.0233102506416926e-07,2.567017040040066e-08,2.567017040040066e-08,2.3208509071346624e-07,-90 to 90 deg
2,0.001,0.0009,15,-0.020523710406017196,-0.018233052701927474,-0.02,-0.019,9.684454441996221e-08,-4.601238286911538e-09,-4.601238286911538e-09,2.390202395035855e-07,-90 to 90 deg
3,0.001,0.0009,15,-0.04893992200404554,0.00743554028812911,-0.05,0.01,1.1162368107383585e-07,1.7966580274842064e-08,1.7966580274842064e-08,1.8637796620680072e-07,-90 to 90 deg
0,0.001,0.0009,15,-0.01991500244071872,-8.798012550678203e-05,-0.02,0.0,1.0392791711706184e-07,2.4590093955593216e-08,2.4590093955593216e-08,2.1963944309594918e-07,-90 to 90 deg
1,0.001,0.0009,15,2.920244708668664e-05,0.018894038336880865,0.0,0.019,1.1307602929745318e-07,4.312403198864324e-08,4.312403198864324e-08,2.2019505745748346e-07,-90 to 90 deg
2,0.001,0.0009,15,-0.02044492534162536,-0.01816921233344975,-0.02,-0.019,9.622817577294641e-08,-1.8746024290544859e-10,-1.8746024290544859e-10,2.420240103933844e-07,-90 to 90 deg
3,0.001,0.0009,15,-0.05006147810126023,0.007697910996486602,-0.05,0.01,1.1273985399770156e-07,1.8012066412771805e-08,1.8012066412771805e-08,1.8348693948271372e-07,-90 to 90 deg
0,0.001,0.0009,15,-0.019957760241453053,-0.0001193718537143794,-0.02,0.0,1.0393873479483478e-07,2.4424692890707167e-08,2.4424692890707167e-08,2.1936163989392677e-07,-90 to 90 deg
1,0.001,0.0009,15,0.0001580248844904344,0.018901835658407366,0.0,0.019,1.0555953755141388e-07,2.9478110572170484e-08,2.9478110572170484e-08,2.236273448411687e-07,-90 to 90 deg
2,0.001,0.0009,15,-0.020242541218057877,-0.018217484020724168,-0.02,-0.019,9.719489212811393e-08,2.5145418572404625e-08,2.5145418572404625e-08,2.5820437064480674e-07,-90 to 90 deg
3,0.001,0.0009,15,-0.049576758136847525,0.008663349403246437,-0.05,0.01,1.2501108519021795e-07,1.714904783564786e-08,1.714904783564786e-08,1.5800858872108162e-07,-90 to 90 deg
0,0.001,0.0009,15,-0.020054613093756186,-0.00015612378032807612,-0.02,0.0,1.0366379986581277e-07,2.12566083844872e-08,2.12566083844872e-08,2.164070174709011e-07,-90 to 90 deg
1,0.001,0.0009,15,0.00010777430869189796,0.019022125117676498,0.0,0.019,1.008418377113475e-07,2.7174406832941776e-08,2.7174406832941776e-08,2.4231409814374006e-07,-90 to 90 deg
2,0.001,0.0009,15,-0.020256352646949274,-0.018532280572250287,-0.02,-0.019,1.0424265395690532e-07,2.294081610464446e-08,2.294081610464446e-08,2.173698339740289e-07,-90 to 90 deg
3,0.001,0.0009,15,-0.04950877987840767,0.007654525579345711,-0.05,0.01,1.1100679066951201e-07,4.856501052960851e-09,4.856501052960851e-09,1.8113724589244477e-07,-90 to 90 deg
0,0.001,0.0009,15,-0.019891077886177604,3.252889154466109e-05,-0.02,0.0,1.0481069653124073e-07,1.702518768767423e-08,1.702518768767423e-08,2.072460907415375e-07,-90 to 90 deg
1,0.001,0.0009,15,0.00034612472578774133,0.01912552781139724,0.0,0.019,1.0054016322386716e-07,2.1739459628735035e-08,2.1739459628735035e-08,2.3536935368104626e-07,-90 to 90 deg
2,0.001,0.0009,15,-0.020416655053765692,-0.01857970465898155,-0.02,-0.019,1.0629975543525048e-07,4.056991614403244e-08,4.056991614403244e-08,2.390455522721737e-07,-90 to 90 deg
3,0.001,0.0009,15,-0.04934461497053016,0.007573249029643116,-0.05,0.01,1.2184261384001614e-07,4.3149107676645766e-09,4.3149107676645766e-09,1.581788204804468e-07,-90 to 90 deg
0,0.001,0.0009,15,-0.01993958863598746,4.014036968160424e-05,-0.02,0.0,1.0636666472795704e-07,1.5530472788246068e-09,1.5530472788246068e-09,1.9390468463370998e-07,-90 to 90 deg
1,0.001,0.0009,15,0.0003256588367507697,0.019119287686004172,0.0,0.019,9.860254686052479e-08,1.0916019833577226e-08,1.0916019833577226e-08,2.3382454939087343e-07,-90 to 90 deg
2,0.001,0.0009,15,-0.020290322972189103,-0.01861414787591364,-0.02,-0.019,1.0647618139898592e-07,1.8926105273315824e-08,1.8926105273315824e-08,2.0407912121276883e-07,-90 to 90 deg
3,0.001,0.0009,15,-0.04993710036350845,0.0063212923152582414,-0.05,0.01,1.265644600372717e-07,1.270680636223192e-08,1.270680636223192e-08,1.5333494383836086e-07,-90 to 90 deg
0,0.001,0.0009,15,-0.020037091446763012,-7.701722543604721e-05,-0.02,0.0,9.790528787840568e-08,-7.49613300534386e-09,-7.49613300534386e-09,2.319536729589237e-07,-90 to 90 deg
1,0.001,0.0009,15,0.0002586815796384104,0.019295335874413882,0.0,0.019,9.388446175616272e-08,1.1380877603539751e-08,1.1380877603539751e-08,2.655140640801958e-07,-90 to 90 deg
2,0.001,0.0009,15,-0.019929429836599424,-0.0184941341264712,-0.02,-0.019,9.890201295331618e-08,8.89413248041182e-09,8.89413248041182e-09,2.2915702229513886e-07,-90 to 90 deg
3,0.001,0.0009,15,-0.049496218661532816,0.007382818842212414,-0.05,0.01,1.3412577422889575e-07,-2.3324174156158515e-09,-2.3324174156158515e-09,1.412686028023594e-07,-90 to 90 deg
0,0.001,0.0009,15,-0.019997481008934635,-0.00015191652834382267,-0.02,0.0,9.760807327173247e-08,-7.60035868053365e-09,-7.60035868053365e-09,2.3368656688660694e-07,-90 to 90 deg
1,0.001,0.0009,15,0.0003349481581561901,0.01938157380898034,0.0,0.019,1.0116482435183975e-07,1.7089669696042118e-08,1.7089669696042118e-08,2.26404883515166e-07,-90 to 90 deg
2,0.001,0.0009,15,-0.020164505768278527,-0.018532364521023127,-0.02,-0.019,1.0558607778093953e-07,2.2930434716321017e-08,2.2930434716321017e-08,2.1190152755036897e-07,-90 to 90 deg
3,0.001,0.0009,15,-0.0497673063153339,0.008585264608101103,-0.05,0.01,1.2545540100691656e-07,-6.045003120009283e-09,-6.045003120009283e-09,1.529236546103202e-07,-90 to 90 deg
0,0.001,0.0009,15,-0.02002856923388431,-0.00012880742375205183,-0.02,0.0,9.815880595998039e-08,-4.137967035501603e-09,-4.137967035501603e-09,2.292269572998257e-07,-90 to 90 deg
1,0.001,0.0009,15,0.00042653846934942333,0.01940743721617891,0.0,0.019,1.0127546022313851e-07,3.7131959718958536e-08,3.7131959718958536e-08,2.603931049784978e-07,-90 to 90 deg
2,0.001,0.0009,15,-0.020018916920886202,-0.01869649324225883,-0.02,-0.019,1.1442855435698194e-07,2.5256344443264655e-08,2.5256344443264655e-08,1.864867113204442e-07,-90 to 90 deg
3,0.001,0.0009,15,-0.04989460643777402,0.009600049604503376,-0.05,0.01,1.361232093346697e-07,-1.79349510858193e-09,-1.79349510858193e-09,1.3915954543219875e-07,-90 to 90 deg
0,0.001,0.0009,15,-0.019868187182568924,0.00020142024913891827,-0.02,0.0,9.222340105785897e-08,1.7209993555028888e-08,1.7209993555028888e-08,2.8150111570433134e-07,Child only
1,0.001,0.0009,15,0.00010962204438543058,0.018559420146907632,0.0,0.019,1.77150713464492e-07,-6.94184713219149e-07,-6.94184713219149e-07,4.5626680476400064e-06,Child only
2,0.001,0.0009,15,-0.01897682947599813,-0.019877221720131243,-0.02,-0.019,1.0026091047200267e-07,2.99153515877752e-08,2.99153515877752e-08,2.4829401415036477e-07,Child only
3,0.001,0.0009,15,-0.03897601535226466,0.0022055153377258524,-0.05,0.01,1.0849741604752427e-07,5.692647346515802e-07,5.692647346515802e-07,8.32321960019442e-06,Child only
0,0.001,0.0009,15,-0.020007302461903843,0.00015087913463203905,-0.02,0.0,9.206477954609785e-08,-4.206525683856644e-09,-4.206525683856644e-09,2.710329385128213e-07,Child only
1,0.001,0.0009,15,0.0009514195145761658,0.00935036790506382,0.0,0.019,5.045942139335471e-07,-1.4268149109634287e-05,-1.4268149109634287e-05,0.0004671633975428721,Child only
2,0.001,0.0009,15,-0.020265017166248834,-0.01868322428606014,-0.02,-0.019,1.0872167499953788e-07,3.011800276275756e-08,3.011800276275756e-08,2.0973962822391138e-07,Child only
3,0.001,0.0009,15,-0.044466521698469506,0.17624205959970368,-0.05,0.01,1.6202197048303096e-07,-2.050401768801857e-07,-2.050401768801857e-07,8.486971558374301e-07,Child only
0,0.001,0.0009,15,-0.01994493238138079,-0.00015251712935505238,-0.02,0.0,8.561773282720384e-08,-1.3764932254660384e-08,-1.3764932254660384e-08,3.5810311040634194e-07,Child only
1,0.001,0.0009,15,0.00037686691582749024,-0.020047226991120257,0.0,0.019,1.0329700851775067e-05,6.300804357268275e-05,6.300804357268275e-05,0.0003869800793897401,Child only
2,0.001,0.0009,15,-0.02002742734342817,-0.019486165853927144,-0.02,-0.019,1.003364925459842e-07,1.9271574298781292e-08,1.9271574298781292e-08,2.3060802621943202e-07,Child only
3,0.001,0.0009,15,-0.04408428851989073,-0.031041216749299973,-0.05,0.01,1.0305602526037534e-07,-3.7668836802580854e-07,-3.7668836802580854e-07,4.439558664449373e-06,Child only
0,0.001,0.0009,15,-0.020043985723706952,-0.00010965218728767957,-0.02,0.0,8.5273625502363e-08,-2.471799487462561e-08,-2.471799487462561e-08,3.8947785864560605e-07,Child only
1,0.001,0.0009,15,0.0011278215132702806,-0.01545219323859828,0.0,0.019,3.7374931183084534e-06,3.267516965983022e-05,3.267516965983022e-05,0.00029109231219744347,Child only
2,0.001,0.0009,15,-0.020119066247153667,-0.019732530227913523,-0.02,-0.019,1.0437280188508796e-07,3.094704188032571e-08,3.094704188032571e-08,2.2907878643872077e-07,Child only
3,0.001,0.0009,15,-0.049471544608528005,-0.0005307925284999118,-0.05,0.01,7.833514026459877e-08,-1.302921134149353e-07,-1.302921134149353e-07,2.3131387700910935e-06,Child only
0,0.001,0.0009,15,-0.020232615454476004,-0.00040454056220556666,-0.02,0.0,8.955741779227261e-08,-3.4488144709828873e-08,-3.4488144709828873e-08,3.5141361554843804e-07,Child only
1,0.001,0.0009,15,0.0004229434135633368,-0.014930343688358948,0.0,0.019,4.5291352993080166e-06,4.1744953979731154e-05,4.1744953979731154e-05,0.00039076797807324277,Child only
2,0.001,0.0009,15,-0.019060655064250073,-0.02034620339258186,-0.02,-0.019,9.752273704979364e-08,3.080991745098606e-08,3.080991745098606e-08,2.6750077043634036e-07,Child only
3,0.001,0.0009,15,-0.05053180730956303,0.014903450808576392,-0.05,0.01,1.595753787169989e-07,-5.503165103692105e-07,-5.503165103692105e-07,3.466539023339311e-06,Child only
0,0.001,0.0009,15,-0.020249797519674814,-0.0003492650290339771,-0.02,0.0,8.764157541728711e-08,-2.999498818167635e-08,-2.999498818167635e-08,3.6467696224720074e-07,Child only
1,0.001,0.0009,15,0.00016967944591174421,-0.01935168162445306,0.0,0.019,4.078961280882368e-06,3.17441663006377e-05,3.17441663006377e-05,0.0002513621081347817,Child only
2,0.001,0.0009,15,-0.018522281423011162,-0.018353576695379473,-0.02,-0.019,9.62478331806316e-08,7.683365987544371e-09,7.683365987544371e-09,2.443775313804981e-07,Child only
3,0.001,0.0009,15,-0.0501266198333074,0.026076807343712906,-0.05,0.01,1.1457402550112705e-07,-2.9902875744092685e-07,-2.9902875744092685e-07,2.1645245013319946e-06,Child only
0,0.001,0.0009,15,-0.02022596674190448,-0.00019210168709862018,-0.02,0.0,9.037246026273573e-08,-3.156796407960242e-08,-3.156796407960242e-08,3.3190308828256837e-07,Child only
1,0.001,0.0009,15,-0.00023328303460112381,-0.019973606783771972,0.0,0.019,6.594328417427006e-06,4.5789808612948035e-05,4.5789808612948035e-05,0.0003213839811368773,Child only
2,0.001,0.0009,15,-0.01998073809243838,-0.021104822012803663,-0.02,-0.019,9.76895262882364e-08,1.4507700568614475e-08,1.4507700568614475e-08,2.409140573960065e-07,Child only
3,0.001,0.0009,15,-0.05172481894856263,0.02883760351661547,-0.05,0.01,1.4465681394964922e-07,-2.918267070148574e-07,-2.918267070148574e-07,1.2715843461204574e-06,Child only
0,0.001,0.0009,15,-0.02040168200635342,-4.739246593840911e-06,-0.02,0.0,1.0059817911571009e-07,-5.0433557323499294e-08,-5.0433557323499294e-08,2.960771377308012e-07,Child only
1,0.001,0.0009,15,0.0010787799683198505,-0.005934253023709637,0.0,0.019,6.605751495660612e-07,1.3474126153089308e-05,1.3474126153089308e-05,0.00030681116104135504,Child only
2,0.001,0.0009,15,-0.020386352187433503,-0.020133543261691082,-0.02,-0.019,1.0242069602472855e-07,2.730488451932291e-08,2.730488451932291e-08,2.3243822868016406e-07,Child only
3,0.001,0.0009,15,-0.0264263151661818,-0.028268771585755893,-0.05,0.01,7.870784784237434e-08,4.58879369377315e-08,4.58879369377315e-08,8.136445883831639e-07,Child only
0,0.001,0.0009,15,-0.02049113909200646,0.0001082641522002043,-0.02,0.0,1.022595014253085e-07,-5.7321741665403496e-08,-5.7321741665403496e-08,3.0692450280105406e-07,Child only
1,0.001,0.0009,15,-0.0002876105000165876,-0.023094428178073383,0.0,0.019,7.93232967369361e-06,4.991464342981179e-05,4.991464342981179e-05,0.0003169171272192725,Child only
2,0.001,0.0009,15,-0.019830464345599663,-0.019456817615400877,-0.02,-0.019,9.791304647876717e-08,-6.076292688890454e-09,-6.076292688890454e-09,2.3360145192907473e-07,Child only
3,0.001,0.0009,15,-0.05277919030837705,0.03322515226875848,-0.05,0.01,1.0225853986036688e-07,-1.6127816277459729e-07,-1.6127816277459729e-07,1.0274878760146335e-06,Child only
0,0.001,0.0009,15,-0.02054268323587723,-9.083972934100472e-05,-0.02,0.0,9.418789024264767e-08,-2.7829501687233748e-08,-2.7829501687233748e-08,2.8385352259251067e-07,Child only
1,0.001,0.0009,15,5.0400349628078366e-05,-0.020534484610925857,0.0,0.019,6.589587388809358e-06,4.3446838111293796e-05,4.3446838111293796e-05,0.0002895539757843758,Child only
2,0.001,0.0009,15,-0.020396436515641637,-0.02062006839820314,-0.02,-0.019,9.726039543052614e-08,-2.2627390808592393e-09,-2.2627390808592393e-09,2.3625561508698076e-07,Child only
3,0.001,0.0009,15,-0.04492717728549006,0.0018839540679997623,-0.05,0.01,1.4572712283159327e-07,-3.081029482772837e-07,-3.081029482772837e-07,1.3624624161093457e-06,Child only
0,0.001,0.0009,15,-0.019983039566551227,0.000940543623835756,-0.02,0.0,6.914051031384715e-08,3.254829149565765e-08,3.254829149565765e-08,1.2280695788691593e-05,Parent only
1,0.001,0.0009,15,0.0007703373250515206,0.01768781265557599,0.0,0.019,1.1143247125291942e-07,-5.4032664422097e-08,-5.4032664422097e-08,2.482073337637479e-07,Parent only
2,0.001,0.0009,15,-0.018396037804357723,-0.01494204200838863,-0.02,-0.019,1.3510049972346455e-07,6.590600860985833e-07,6.590600860985833e-07,6.698583690167222e-06,Parent only
3,0.001,0.0009,15,-0.04789889203124039,0.0167509316702238,-0.05,0.01,1.22176756746619e-07,-2.8046510675582102e-08,-2.8046510675582102e-08,1.7272797313731695e-07,Parent only
0,0.001,0.0009,15,-0.020245576272921,0.006807806571341628,-0.02,0.0,3.599364698661848e-07,-4.998728724393909e-06,-4.998728724393909e-06,8.588437942540726e-05,Parent only
1,0.001,0.0009,15,0.0006969579935395033,0.01753729675080651,0.0,0.019,1.1496801993247421e-07,-5.662609834440632e-08,-5.662609834440632e-08,2.4064279537682446e-07,Parent only
2,0.001,0.0009,15,-0.018137591863568007,-0.011430846854670714,-0.02,-0.019,1.8111148481007393e-07,9.058544267363941e-07,9.058544267363941e-07,7.415130842106087e-06,Parent only
3,0.001,0.0009,15,-0.048859775613439155,0.016796537812023397,-0.05,0.01,1.1460297441639921e-07,-3.2533405463187584e-08,-3.2533405463187584e-08,1.9607771568184653e-07,Parent only
0,0.001,0.0009,15,-0.0203410006514401,0.009852604318114366,-0.02,0.0,7.428345885025456e-07,-8.678281176630726e-06,-8.678281176630726e-06,0.00011180201217737449,Parent only
1,0.001,0.0009,15,0.00044983959791455836,0.01822332485071258,0.0,0.019,1.152963169998559e-07,-5.6828057401262945e-08,-5.6828057401262945e-08,2.399632834257722e-07,Parent only
2,0.001,0.0009,15,-0.017923040745930686,-0.006936700965958826,-0.02,-0.019,2.2714048335872199e-07,9.491984644890221e-07,9.491984644890221e-07,5.7846682612414694e-06,Parent only
3,0.001,0.0009,15,-0.04738116956020903,0.019903190808112745,-0.05,0.01,1.1209588664952968e-07,-3.358083015398869e-08,-3.358083015398869e-08,2.0567940503655382e-07,Parent only
0,0.001,0.0009,15,-0.020019197439612335,0.010539741224523395,-0.02,0.0,8.419752421291336e-07,-9.314955214419472e-06,-9.314955214419472e-06,0.00011229328770830757,Parent only
1,0.001,0.0009,15,0.0003874368943272922,0.018514612975650182,0.0,0.019,1.15301996594666e-07,-5.7995578193367586e-08,-5.7995578193367586e-08,2.428276508293124e-07,Parent only
2,0.001,0.0009,15,-0.018716918476601133,-0.015655651465445335,-0.02,-0.019,5.247881378241777e-07,2.621229057709276e-06,2.621229057709276e-06,1.5149054892498516e-05,Parent only
3,0.001,0.0009,15,-0.046722591025756564,0.024424710106137004,-0.05,0.01,1.0954612854922668e-07,-3.027461080602821e-08,-3.027461080602821e-08,2.0955158495356817e-07,Parent only
0,0.001,0.0009,15,-0.020031171937719788,0.008778821443827464,-0.02,0.0,6.396052180211476e-07,-8.093878896390404e-06,-8.093878896390404e-06,0.00011483317150210188,Parent only
1,0.001,0.0009,15,0.0003270077904480154,0.01859394816067941,0.0,0.019,1.218850046302319e-07,-6.471049213210957e-08,-6.471049213210957e-08,2.36695621014374e-07,Parent only
2,0.001,0.0009,15,-0.017275040093456005,-0.01954537743704561,-0.02,-0.019,9.992834346892205e-07,5.199035845684798e-06,5.199035845684798e-06,2.912873566410879e-05,Parent only
3,0.001,0.0009,15,-0.04460321740815198,0.025740223276979245,-0.05,0.01,1.1162497994075726e-07,-5.263544496640136e-08,-5.263544496640136e-08,2.4701073815199415e-07,Parent only
0,0.001,0.0009,15,-0.02000216839353288,0.007928282143770794,-0.02,0.0,5.515511997564933e-07,-7.44600065336332e-06,-7.44600065336332e-06,0.00011490783123785999,Parent only
1,0.001,0.0009,15,0.0003042528759302394,0.018656385856727253,0.0,0.019,1.1953047309021929e-07,-6.807133606274943e-08,-6.807133606274943e-08,2.53245870133821e-07,Parent only
2,0.001,0.0009,15,-0.019349098764449898,-0.020836281835527503,-0.02,-0.019,4.124140871020308e-07,1.6771253341110752e-06,1.6771253341110752e-06,8.273780655927238e-06,Parent only
3,0.001,0.0009,15,-0.04523328047519393,0.030461837389712147,-0.05,0.01,1.2001126285956022e-07,-7.324615595303433e-08,-7.324615595303433e-08,2.7056864201489917e-07,Parent only
0,0.001,0.0009,15,-0.02005096539143006,0.009276637363222599,-0.02,0.0,6.809439742715765e-07,-8.299117964926342e-06,-8.299117964926342e-06,0.00011258096831659474,Parent only
1,0.001,0.0009,15,0.0003074077670734702,0.018681304367919007,0.0,0.019,1.0677816186081786e-07,-4.06933064164431e-08,-4.06933064164431e-08,2.3725431214320845e-07,Parent only
2,0.001,0.0009,15,-0.018535245063267525,-0.018811922431636097,-0.02,-0.019,3.47048214031682e-07,1.6876980686155513e-06,1.6876980686155513e-06,1.0328545923363339e-05,Parent only
3,0.001,0.0009,15,-0.046297313930301794,0.020333190488855013,-0.05,0.01,1.1942520991021588e-07,-5.9326618197544114e-08,-5.9326618197544114e-08,2.3340567035775785e-07,Parent only
0,0.001,0.0009,15,-0.02006198339119866,0.009021821978795056,-0.02,0.0,6.500383718062702e-07,-8.07360438200394e-06,-8.07360438200394e-06,0.00011221027565728088,Parent only
1,0.001,0.0009,15,0.0002676118419079165,0.0187321761647872,0.0,0.019,1.0353001241443647e-07,-1.8755472852155842e-08,-1.8755472852155842e-08,2.159943220016207e-07,Parent only
2,0.001,0.0009,15,-0.01788776800584084,-0.013100706406367789,-0.02,-0.019,1.6356887492072563e-07,7.078700428953489e-07,7.078700428953489e-07,5.4062000685486265e-06,Parent only
3,0.001,0.0009,15,-0.047210622494717955,0.018358942682854457,-0.05,0.01,1.1270054365559209e-07,-4.651680718811571e-08,-4.651680718811571e-08,2.2727841186459757e-07,Parent only
0,0.001,0.0009,15,-0.020108452788292767,0.009372355581262296,-0.02,0.0,7.211307055455215e-07,-8.625032031085635e-06,-8.625032031085635e-06,0.00011410534663976112,Parent only
1,0.001,0.0009,15,-0.0002780608501153948,0.018698502063900363,0.0,0.019,1.0535802525888938e-07,-3.026573501636893e-08,-3.026573501636893e-08,2.2376129875174908e-07,Parent only
2,0.001,0.0009,15,-0.01789193769805439,-0.010516756238316095,-0.02,-0.019,1.6046319921162915e-07,6.942509440678741e-07,6.942509440678741e-07,5.3757703798929875e-06,Parent only
3,0.001,0.0009,15,-0.04740315053500555,0.01567407261459073,-0.05,0.01,1.2233380300586654e-07,-5.097991975045052e-08,-5.097991975045052e-08,2.0642256736051688e-07,Parent only
0,0.001,0.0009,15,-0.020009182900809767,0.008481998349310644,-0.02,0.0,6.889119212931883e-07,-8.782438920365272e-06,-8.782438920365272e-06,0.000124445074291391,Parent only
1,0.001,0.0009,15,-0.000474331056462584,0.018712635213607418,0.0,0.019,1.0566499218907586e-07,-2.8920685629450122e-08,-2.8920685629450122e-08,2.2032333304731446e-07,Parent only
2,0.001,0.0009,15,-0.0205007424984611,-0.02948023934675546,-0.02,-0.019,3.109590599790457e-07,1.156620279857414e-06,1.156620279857414e-06,5.628298156039202e-06,Parent only
3,0.001,0.0009,15,-0.04640230369454025,0.025226581162672068,-0.05,0.01,1.0959653159405055e-07,-4.135119259921583e-08,-4.135119259921583e-08,2.292252524587047e-07,Parent only
0,0.001,0.0009,15,-0.030294275645356476,-0.06445614024948268,-0.02,0.0,0.0003311132019951149,0.0006138991445819294,0.0006138991445819294,0.0011385172257181529,No movement
1,0.001,0.0009,15,-0.0008089598550625109,0.02266803612282665,0.0,0.019,1.4624611164305344e-07,-3.630313334444945e-07,-3.630313334444945e-07,1.8350490349038062e-06,No movement
2,0.001,0.0009,15,-0.0186163083569067,-0.015197042995908516,-0.02,-0.019,7.692024690522992e-08,-1.0556899006470194e-07,-1.0556899006470194e-07,2.0567708735319685e-06,No movement
3,0.001,0.0009,15,-0.041168632702274825,-0.015131304044189036,-0.05,0.01,3.027514913581777e-07,7.965265185147883e-07,7.965265185147883e-07,2.8054515539564785e-06,No movement
0,0.001,0.0009,15,-0.032017572571533585,-0.06126446837514625,-0.02,0.0,0.0002938238651269181,0.0005645404063961262,0.0005645404063961262,0.0010850207536344995,No movement
1,0.001,0.0009,15,-3.669567656791933e-05,0.01768942848990794,0.0,0.019,4.308645560206323e-07,-2.5074650568152273e-06,-2.5074650568152273e-06,1.7449760259211666e-05,No movement
2,0.001,0.0009,15,-0.018382837999765516,-0.011922717800794158,-0.02,-0.019,1.6684529918546253e-07,-6.93732795007515e-07,-6.93732795007515e-07,5.026520713412574e-06,No movement
3,0.001,0.0009,15,-0.03813226290787776,-0.048763663704756974,-0.05,0.01,8.824667001502736e-08,1.3910886852376244e-08,1.3910886852376244e-08,3.6398757449580587e-07,No movement
0,0.001,0.0009,15,-0.03202127972516057,-0.06613239217504294,-0.02,0.0,0.0005013209320070798,0.0008941992877712592,0.0008941992877712592,0.001595273384432545,No movement
1,0.001,0.0009,15,0.0016378603925075689,0.02253636078281838,0.0,0.019,1.6253185047196104e-07,-6.548965124834655e-07,-6.548965124834655e-07,4.705303146400127e-06,No movement
2,0.001,0.0009,15,-0.02046625669911524,0.021528807674275625,-0.02,-0.019,7.76235836093804e-08,1.90434238562763e-07,1.90434238562763e-07,4.7625684308730834e-06,No movement
3,0.001,0.0009,15,-0.03878708012882544,-0.008251065957258163,-0.05,0.01,3.1766484547431156e-07,7.983747293661795e-07,7.983747293661795e-07,2.724482801163221e-06,No movement
0,0.001,0.0009,15,-0.03310465152825403,-0.0678433753974933,-0.02,0.0,0.000567121909271932,0.0009794645046609393,0.0009794645046609393,0.0016919016317830265,No movement
1,0.001,0.0009,15,-0.0021475467526193143,0.050708854034744864,0.0,0.019,1.1266685371796858e-06,-3.1979594834966576e-06,-3.1979594834966576e-06,9.756105250171422e-06,No movement
2,0.001,0.0009,15,-0.018757688312471606,0.006371146435389037,-0.02,-0.019,1.2254708038651685e-07,7.189951994348653e-07,7.189951994348653e-07,9.792528829821639e-06,No movement
3,0.001,0.0009,15,-0.040264817870137276,-0.0885317028858333,-0.05,0.01,1.820660792991025e-07,1.412952062509549e-07,1.412952062509549e-07,3.5139205279694223e-07,No movement
0,0.001,0.0009,15,-0.026022291605323704,-0.03860436963891542,-0.02,0.0,0.00023539096873669233,0.0007567863560018932,0.0007567863560018932,0.0024338761308448486,No movement
1,0.001,0.0009,15,-0.01212897647408779,0.08593468412603752,0.0,0.019,6.414748326049675e-07,-1.5927010710936712e-06,-1.5927010710936712e-06,4.557907401505593e-06,No movement
2,0.001,0.0009,15,-0.03235564244840341,-0.01830618706021516,-0.02,-0.019,1.271821159056984e-07,2.945878713372354e-07,2.945878713372354e-07,1.7011943361190923e-06,No movement
3,0.001,0.0009,15,-0.024665248419009494,-0.028086432037317827,-0.05,0.01,8.533986574467948e-08,3.184952042096469e-08,3.184952042096469e-08,6.668578871402197e-07,No movement
0,0.001,0.0009,15,-0.02660368722150032,-0.05995525845495513,-0.02,0.0,0.001542184142148914,0.0031789989907736495,0.0031789989907736495,0.006553441764838649,No movement
1,0.001,0.0009,15,-0.008756040271874531,0.059678270284930224,0.0,0.019,1.0878616686189447e-05,-2.7007974568208832e-05,-2.7007974568208832e-05,6.756412409356417e-05,No movement
2,0.001,0.0009,15,-0.02050055978640053,-0.012117572066039979,-0.02,-0.019,9.852440628449497e-07,2.0823427028298844e-06,2.0823427028298844e-06,4.804630902031274e-06,No movement
3,0.001,0.0009,15,-0.012011029030355877,0.027287211814949613,-0.05,0.01,7.304696370540576e-08,-1.3691081765769099e-08,-1.3691081765769099e-08,2.3938064186128445e-06,No movement
0,0.001,0.0009,15,-0.022181563466124446,-0.024259173335898523,-0.02,0.0,0.00023549987335581745,0.0012388477043105669,0.0012388477043105669,0.0065189461944201174,No movement
1,0.001,0.0009,15,-0.00760921414448846,0.05501074661912266,0.0,0.019,2.1756596102016668e-07,-6.751458712916128e-07,-6.751458712916128e-07,3.2181228798523123e-06,No movement
2,0.001,0.0009,15,-0.029191891846783797,0.024519117341505223,-0.02,-0.019,1.1053098271273177e-07,-2.3308978345275146e-07,-2.3308978345275146e-07,1.7801584247295225e-06,No movement
3,0.001,0.0009,15,-0.039866792653167685,-0.04907319472000979,-0.05,0.01,1.1698533738217151e-07,6.995442078982582e-09,6.995442078982582e-09,1.7109879000836286e-07,No movement
0,0.001,0.0009,15,-0.0253265862969663,-0.06792685152233593,-0.02,0.0,0.0023580498007098705,0.004355819623626354,0.004355819623626354,0.008046443845449931,No movement
1,0.001,0.0009,15,-0.006920214115387223,0.051486347798067475,0.0,0.019,1.7144338793415224e-06,-4.601121774055696e-06,-4.601121774055696e-06,1.2950631532319571e-05,No movement
2,0.001,0.0009,15,-0.020099595369234502,0.021898918476627366,-0.02,-0.019,2.1208658368834e-07,4.765111230335412e-07,4.765111230335412e-07,1.695479113184575e-06,No movement
3,0.001,0.0009,15,-0.037043393466182885,0.04256201865836126,-0.05,0.01,8.920834442847134e-08,-5.174028212932162e-08,-5.174028212932162e-08,1.006710243021467e-06,No movement
0,0.001,0.0009,15,-0.03803338183674142,-0.09291836539113092,-0.02,0.0,0.01150502348418207,0.014177744171175476,0.014177744171175476,0.01747155074192539,No movement
1,0.001,0.0009,15,0.01467132285052596,-0.052782812849351025,0.0,0.019,5.167990959880326e-07,1.8472616706556865e-06,1.8472616706556865e-06,7.72442906468684e-06,No movement
2,0.001,0.0009,15,-0.05712102298313558,-0.09735217106121558,-0.02,-0.019,2.2531291220159381e-07,6.778750191713613e-07,6.778750191713613e-07,3.0421113461572846e-06,No movement
3,0.001,0.0009,15,-0.00901235091769622,0.06728561804889141,-0.05,0.01,1.6386711192599676e-06,-1.9759351947141555e-06,-1.9759351947141555e-06,2.618589212375628e-06,No movement
0,0.001,0.0009,15,-0.05860198052390357,-0.1311373391482304,-0.02,0.0,0.0037879974005491533,0.0027634143695654716,0.0027634143695654716,0.0020160835329268126,No movement
1,0.001,0.0009,15,0.029503966322393806,0.1482091010868004,0.0,0.019,1.1504192882324922e-06,-1.3498674344213741e-06,-1.3498674344213741e-06,1.7754358297170573e-06,No movement
2,0.001,0.0009,15,-0.045012215941571884,-0.1520846286696317,-0.02,-0.019,4.143692256377426e-06,1.7386904870280032e-06,1.7386904870280032e-06,8.413140340310925e-07,No movement
3,0.001,0.0009,15,0.03663175507247718,0.12310020398190213,-0.05,0.01,1.5628656751292157e-06,-1.0779315611978719e-06,-1.0779315611978719e-06,8.92686121070466e-07,No movement
